id1,id2,distancia,tiempo
0,1,74218,3798
0,2,74218,3798
0,3,2204028,87371
0,5,1319328,55428
0,7,2204028,87371
0,8,10440,1017
0,11,3145,309
0,12,53929,3020
0,15,8806,851
0,19,3145,309
0,20,3145,309
0,22,6593,614
0,23,3145,309
0,24,3145,309
0,26,7848,842
0,28,9394,1026
0,32,3145,309
0,33,3145,309
0,35,3145,309
0,36,3145,309
0,37,3145,309
0,38,8777,974
0,39,6304,622
0,40,9348,1020
0,41,2800072,121469
0,42,8497,970
0,43,9471,907
0,45,60862,3019
0,46,4475,513
0,49,8777,974
0,52,3145,309
0,53,15097,1462
0,60,3846,371
0,62,8806,851
0,64,5565,676
0,65,9471,907
0,66,9471,907
0,67,66181,3997
0,68,53607,2993
0,69,8497,970
0,70,15097,1462
0,72,8777,974
0,73,6605,783
0,74,6878,816
0,76,7848,842
0,77,60862,3019
0,78,9471,907
0,79,5565,676
0,80,8777,974
0,86,6605,783
0,88,7445,735
0,89,6593,614
0,90,6311,647
0,91,9471,907
0,92,8885,913
0,93,9394,1026
0,94,3145,309
0,95,15384,1498
0,96,3145,309
0,97,3145,309
0,98,6719,683
0,100,8497,970
0,101,9394,1026
0,105,7062,802
0,106,8885,913
0,109,8443,1135
0,110,8777,974
0,111,8777,974
1,0,71777,3639
1,2,0,0
1,3,2149491,85134
1,5,1285815,54295
1,7,2149491,85134
1,8,78046,3850
1,11,74922,3948
1,12,130987,5546
1,15,82933,3269
1,19,74922,3948
1,20,74922,3948
1,22,74229,3649
1,23,74922,3948
1,24,74922,3948
1,26,87884,3506
1,28,76885,4018
1,32,74922,3948
1,33,74922,3948
1,35,74922,3948
1,36,74922,3948
1,37,74922,3948
1,38,76267,3965
1,39,85444,3531
1,40,76984,4055
1,41,2766559,120336
1,42,87130,3814
1,43,77076,3739
1,45,137328,5541
1,46,72111,3548
1,49,76267,3965
1,52,74922,3948
1,53,86640,3674
1,60,75623,4010
1,62,82933,3269
1,64,73055,3669
1,65,77076,3739
1,66,77076,3739
1,67,143239,6523
1,68,126999,5524
1,69,87130,3814
1,70,86640,3674
1,72,76267,3965
1,73,74241,3817
1,74,74514,3851
1,76,87884,3506
1,77,137328,5541
1,78,77076,3739
1,79,73055,3669
1,80,76267,3965
1,86,74241,3817
1,88,74935,3726
1,89,74229,3649
1,90,74957,3795
1,91,77076,3739
1,92,79405,3956
1,93,76885,4018
1,94,74922,3948
1,95,86928,3709
1,96,74922,3948
1,97,74922,3948
1,98,74209,3675
1,100,87130,3814
1,101,76885,4018
1,105,87241,3795
1,106,79405,3956
1,109,101245,4205
1,110,76267,3965
1,111,76267,3965
2,0,71777,3639
2,1,0,0
2,3,2149491,85134
2,5,1285815,54295
2,7,2149491,85134
2,8,78046,3850
2,11,74922,3948
2,12,130987,5546
2,15,82933,3269
2,19,74922,3948
2,20,74922,3948
2,22,74229,3649
2,23,74922,3948
2,24,74922,3948
2,26,87884,3506
2,28,76885,4018
2,32,74922,3948
2,33,74922,3948
2,35,74922,3948
2,36,74922,3948
2,37,74922,3948
2,38,76267,3965
2,39,85444,3531
2,40,76984,4055
2,41,2766559,120336
2,42,87130,3814
2,43,77076,3739
2,45,137328,5541
2,46,72111,3548
2,49,76267,3965
2,52,74922,3948
2,53,86640,3674
2,60,75623,4010
2,62,82933,3269
2,64,73055,3669
2,65,77076,3739
2,66,77076,3739
2,67,143239,6523
2,68,126999,5524
2,69,87130,3814
2,70,86640,3674
2,72,76267,3965
2,73,74241,3817
2,74,74514,3851
2,76,87884,3506
2,77,137328,5541
2,78,77076,3739
2,79,73055,3669
2,80,76267,3965
2,86,74241,3817
2,88,74935,3726
2,89,74229,3649
2,90,74957,3795
2,91,77076,3739
2,92,79405,3956
2,93,76885,4018
2,94,74922,3948
2,95,86928,3709
2,96,74922,3948
2,97,74922,3948
2,98,74209,3675
2,100,87130,3814
2,101,76885,4018
2,105,87241,3795
2,106,79405,3956
2,109,101245,4205
2,110,76267,3965
2,111,76267,3965
3,0,2201536,86482
3,1,2149748,84458
3,2,2149748,84458
3,5,2693923,113251
3,7,0,0
3,8,2212891,86691
3,11,2204681,86791
3,12,2243620,88126
3,15,2195565,85849
3,19,2204681,86791
3,20,2204681,86791
3,22,2203989,86492
3,23,2204681,86791
3,24,2204681,86791
3,26,2200516,86086
3,28,2205673,86767
3,32,2204681,86791
3,33,2204681,86791
3,35,2204681,86791
3,36,2204681,86791
3,37,2204681,86791
3,38,2205055,86715
3,39,2198076,86111
3,40,2206744,86898
3,41,3537465,157564
3,42,2199762,86394
3,43,2205886,86692
3,45,2249961,88121
3,46,2201870,86391
3,49,2205055,86715
3,52,2204681,86791
3,53,2199273,86254
3,60,2205383,86853
3,62,2195565,85849
3,64,2199489,86292
3,65,2205886,86692
3,66,2205886,86692
3,67,2255872,89103
3,68,2239631,88104
3,69,2199762,86394
3,70,2199273,86254
3,72,2205055,86715
3,73,2204000,86660
3,74,2204273,86694
3,76,2200516,86086
3,77,2249961,88121
3,78,2205886,86692
3,79,2199489,86292
3,80,2205055,86715
3,86,2204000,86660
3,88,2202203,86284
3,89,2203989,86492
3,90,2204716,86638
3,91,2205886,86692
3,92,2206281,86791
3,93,2205673,86767
3,94,2204681,86791
3,95,2199561,86289
3,96,2204681,86791
3,97,2204681,86791
3,98,2202557,86289
3,100,2199762,86394
3,101,2205673,86767
3,105,2199873,86375
3,106,2206281,86791
3,109,2213878,86785
3,110,2205055,86715
3,111,2205055,86715
5,0,1317272,55955
5,1,1285600,54860
5,2,1285600,54860
5,3,2692836,113861
5,7,2692836,113861
5,8,1323541,56166
5,11,1320417,56264
5,12,1366386,58207
5,15,1318331,55929
5,19,1320417,56264
5,20,1320417,56264
5,22,1319725,55965
5,23,1320417,56264
5,24,1320417,56264
5,26,1320834,56150
5,28,1322380,56334
5,32,1320417,56264
5,33,1320417,56264
5,35,1320417,56264
5,36,1320417,56264
5,37,1320417,56264
5,38,1321762,56282
5,39,1319290,55932
5,40,1322480,56371
5,41,1785422,72787
5,42,1321483,56280
5,43,1322572,56055
5,45,1372727,58202
5,46,1317607,55864
5,49,1321762,56282
5,52,1320417,56264
5,53,1322039,56334
5,60,1321119,56326
5,62,1318331,55929
5,64,1318550,55985
5,65,1322572,56055
5,66,1322572,56055
5,67,1378638,59184
5,68,1362397,58185
5,69,1321483,56280
5,70,1322039,56334
5,72,1321762,56282
5,73,1319736,56134
5,74,1320009,56167
5,76,1320834,56150
5,77,1372727,58202
5,78,1322572,56055
5,79,1318550,55985
5,80,1321762,56282
5,86,1319736,56134
5,88,1320431,56043
5,89,1319725,55965
5,90,1320452,56111
5,91,1322572,56055
5,92,1324900,56272
5,93,1322380,56334
5,94,1320417,56264
5,95,1322327,56370
5,96,1320417,56264
5,97,1320417,56264
5,98,1319705,55991
5,100,1321483,56280
5,101,1322380,56334
5,105,1320606,56139
5,106,1324900,56272
5,109,1331707,56590
5,110,1321762,56282
5,111,1321762,56282
7,0,2201536,86482
7,1,2149748,84458
7,2,2149748,84458
7,3,0,0
7,5,2693923,113251
7,8,2212891,86691
7,11,2204681,86791
7,12,2243620,88126
7,15,2195565,85849
7,19,2204681,86791
7,20,2204681,86791
7,22,2203989,86492
7,23,2204681,86791
7,24,2204681,86791
7,26,2200516,86086
7,28,2205673,86767
7,32,2204681,86791
7,33,2204681,86791
7,35,2204681,86791
7,36,2204681,86791
7,37,2204681,86791
7,38,2205055,86715
7,39,2198076,86111
7,40,2206744,86898
7,41,3537465,157564
7,42,2199762,86394
7,43,2205886,86692
7,45,2249961,88121
7,46,2201870,86391
7,49,2205055,86715
7,52,2204681,86791
7,53,2199273,86254
7,60,2205383,86853
7,62,2195565,85849
7,64,2199489,86292
7,65,2205886,86692
7,66,2205886,86692
7,67,2255872,89103
7,68,2239631,88104
7,69,2199762,86394
7,70,2199273,86254
7,72,2205055,86715
7,73,2204000,86660
7,74,2204273,86694
7,76,2200516,86086
7,77,2249961,88121
7,78,2205886,86692
7,79,2199489,86292
7,80,2205055,86715
7,86,2204000,86660
7,88,2202203,86284
7,89,2203989,86492
7,90,2204716,86638
7,91,2205886,86692
7,92,2206281,86791
7,93,2205673,86767
7,94,2204681,86791
7,95,2199561,86289
7,96,2204681,86791
7,97,2204681,86791
7,98,2202557,86289
7,100,2199762,86394
7,101,2205673,86767
7,105,2199873,86375
7,106,2206281,86791
7,109,2213878,86785
7,110,2205055,86715
7,111,2205055,86715
8,0,7598,658
8,1,78167,3830
8,2,78167,3830
8,3,2212855,87297
8,5,1323277,55461
8,7,2212855,87297
8,11,8116,979
8,12,47490,2627
8,15,12284,916
8,19,8116,979
8,20,8116,979
8,22,3842,354
8,23,8116,979
8,24,8116,979
8,26,7492,757
8,28,4966,660
8,32,8116,979
8,33,8116,979
8,35,8116,979
8,36,8116,979
8,37,8116,979
8,38,4349,607
8,39,9782,686
8,40,2502,408
8,41,2804020,121501
8,42,11975,1035
8,43,1012,134
8,45,54423,2626
8,46,6013,478
8,49,4349,607
8,52,8116,979
8,53,24020,1420
8,60,8818,1062
8,62,12284,916
8,64,9042,740
8,65,1012,134
8,66,1012,134
8,67,59742,3604
8,68,47168,2600
8,69,11975,1035
8,70,24020,1420
8,72,4349,607
8,73,5839,664
8,74,6112,697
8,76,7492,757
8,77,54423,2626
8,78,1012,134
8,79,9042,740
8,80,4349,607
8,86,5839,664
8,88,7846,805
8,89,3842,354
8,90,10778,814
8,91,1012,134
8,92,1658,188
8,93,4966,660
8,94,8116,979
8,95,24308,1455
8,96,8116,979
8,97,8116,979
8,98,5452,551
8,100,11975,1035
8,101,4966,660
8,105,10540,867
8,106,1658,188
8,109,4007,573
8,110,4349,607
8,111,4349,607
11,0,2348,254
11,1,73661,3666
11,2,73661,3666
11,3,2203471,87240
11,5,1318771,55297
11,7,2203471,87240
11,8,9883,886
11,12,53372,2889
11,15,8249,720
11,19,0,0
11,20,0,0
11,22,6036,483
11,23,0,0
11,24,0,0
11,26,7291,711
11,28,8837,895
11,32,0,0
11,33,0,0
11,35,0,0
11,36,0,0
11,37,0,0
11,38,8220,842
11,39,5747,491
11,40,8791,889
11,41,2799515,121338
11,42,7940,839
11,43,8914,776
11,45,60305,2888
11,46,3918,382
11,49,8220,842
11,52,0,0
11,53,14540,1331
11,60,1728,217
11,62,8249,720
11,64,5008,544
11,65,8914,776
11,66,8914,776
11,67,65624,3866
11,68,53050,2862
11,69,7940,839
11,70,14540,1331
11,72,8220,842
11,73,6048,651
11,74,6321,685
11,76,7291,711
11,77,60305,2888
11,78,8914,776
11,79,5008,544
11,80,8220,842
11,86,6048,651
11,88,6888,603
11,89,6036,483
11,90,5754,515
11,91,8914,776
11,92,8328,782
11,93,8837,895
11,94,0,0
11,95,14828,1367
11,96,0,0
11,97,0,0
11,98,6162,552
11,100,7940,839
11,101,8837,895
11,105,6505,671
11,106,8328,782
11,109,6325,981
11,110,8220,842
11,111,8220,842
12,0,50781,2705
12,1,130447,5504
12,2,130447,5504
12,3,2243358,88795
12,5,1366459,57508
12,7,2243358,88795
12,8,47109,2580
12,11,53925,3014
12,15,50208,2446
12,19,53925,3014
12,20,53925,3014
12,22,47031,2498
12,23,53925,3014
12,24,53925,3014
12,26,47181,2409
12,28,48155,2807
12,32,53925,3014
12,33,53925,3014
12,35,53925,3014
12,36,53925,3014
12,37,53925,3014
12,38,47538,2755
12,39,49275,2536
12,40,49387,2871
12,41,2847203,123549
12,42,51469,2885
12,43,46140,2469
12,45,44049,2414
12,46,49202,2622
12,49,47538,2755
12,52,53925,3014
12,53,54524,2917
12,60,54627,3076
12,62,50208,2446
12,64,49520,2635
12,65,46140,2469
12,66,46140,2469
12,67,12453,1563
12,68,29001,2100
12,69,51469,2885
12,70,54524,2917
12,72,47538,2755
12,73,53089,2854
12,74,53362,2887
12,76,47181,2409
12,77,44049,2414
12,78,46140,2469
12,79,49520,2635
12,80,47538,2755
12,86,53089,2854
12,88,48867,2607
12,89,47031,2498
12,90,53960,2861
12,91,46140,2469
12,92,48469,2686
12,93,48155,2807
12,94,53925,3014
12,95,54811,2953
12,96,53925,3014
12,97,53925,3014
12,98,49221,2611
12,100,51469,2885
12,101,48155,2807
12,105,51580,2866
12,106,48469,2686
12,109,53983,2893
12,110,47538,2755
12,111,47538,2755
15,0,5971,633
15,1,82311,3229
15,2,82311,3229
15,3,2195222,86520
15,5,1317822,55257
15,7,2195222,86520
15,8,12256,933
15,11,9116,942
15,12,50835,2514
15,19,9116,942
15,20,9116,942
15,22,8423,643
15,23,9116,942
15,24,9116,942
15,26,7731,474
15,28,11079,1010
15,32,9116,942
15,33,9116,942
15,35,9116,942
15,36,9116,942
15,37,9116,942
15,38,10461,957
15,39,2511,262
15,40,11178,1049
15,41,2798566,121298
15,42,4197,546
15,43,11286,822
15,45,57176,2509
15,46,6305,542
15,49,10461,957
15,52,9116,942
15,53,6291,611
15,60,9817,1004
15,62,0,0
15,64,3924,443
15,65,11286,822
15,66,11286,822
15,67,63087,3491
15,68,46846,2492
15,69,4197,546
15,70,6291,611
15,72,10461,957
15,73,8435,812
15,74,8708,845
15,76,7731,474
15,77,57176,2509
15,78,11286,822
15,79,3924,443
15,80,10461,957
15,86,8435,812
15,88,9130,718
15,89,8423,643
15,90,9151,789
15,91,11286,822
15,92,10715,942
15,93,11079,1010
15,94,9116,942
15,95,6579,646
15,96,9116,942
15,97,9116,942
15,98,8404,667
15,100,4197,546
15,101,11079,1010
15,105,4308,526
15,106,10715,942
15,109,21092,1174
15,110,10461,957
15,111,10461,957
19,0,2348,254
19,1,73661,3666
19,2,73661,3666
19,3,2203471,87240
19,5,1318771,55297
19,7,2203471,87240
19,8,9883,886
19,11,0,0
19,12,53372,2889
19,15,8249,720
19,20,0,0
19,22,6036,483
19,23,0,0
19,24,0,0
19,26,7291,711
19,28,8837,895
19,32,0,0
19,33,0,0
19,35,0,0
19,36,0,0
19,37,0,0
19,38,8220,842
19,39,5747,491
19,40,8791,889
19,41,2799515,121338
19,42,7940,839
19,43,8914,776
19,45,60305,2888
19,46,3918,382
19,49,8220,842
19,52,0,0
19,53,14540,1331
19,60,1728,217
19,62,8249,720
19,64,5008,544
19,65,8914,776
19,66,8914,776
19,67,65624,3866
19,68,53050,2862
19,69,7940,839
19,70,14540,1331
19,72,8220,842
19,73,6048,651
19,74,6321,685
19,76,7291,711
19,77,60305,2888
19,78,8914,776
19,79,5008,544
19,80,8220,842
19,86,6048,651
19,88,6888,603
19,89,6036,483
19,90,5754,515
19,91,8914,776
19,92,8328,782
19,93,8837,895
19,94,0,0
19,95,14828,1367
19,96,0,0
19,97,0,0
19,98,6162,552
19,100,7940,839
19,101,8837,895
19,105,6505,671
19,106,8328,782
19,109,6325,981
19,110,8220,842
19,111,8220,842
20,0,2348,254
20,1,73661,3666
20,2,73661,3666
20,3,2203471,87240
20,5,1318771,55297
20,7,2203471,87240
20,8,9883,886
20,11,0,0
20,12,53372,2889
20,15,8249,720
20,19,0,0
20,22,6036,483
20,23,0,0
20,24,0,0
20,26,7291,711
20,28,8837,895
20,32,0,0
20,33,0,0
20,35,0,0
20,36,0,0
20,37,0,0
20,38,8220,842
20,39,5747,491
20,40,8791,889
20,41,2799515,121338
20,42,7940,839
20,43,8914,776
20,45,60305,2888
20,46,3918,382
20,49,8220,842
20,52,0,0
20,53,14540,1331
20,60,1728,217
20,62,8249,720
20,64,5008,544
20,65,8914,776
20,66,8914,776
20,67,65624,3866
20,68,53050,2862
20,69,7940,839
20,70,14540,1331
20,72,8220,842
20,73,6048,651
20,74,6321,685
20,76,7291,711
20,77,60305,2888
20,78,8914,776
20,79,5008,544
20,80,8220,842
20,86,6048,651
20,88,6888,603
20,89,6036,483
20,90,5754,515
20,91,8914,776
20,92,8328,782
20,93,8837,895
20,94,0,0
20,95,14828,1367
20,96,0,0
20,97,0,0
20,98,6162,552
20,100,7940,839
20,101,8837,895
20,105,6505,671
20,106,8328,782
20,109,6325,981
20,110,8220,842
20,111,8220,842
22,0,3753,385
22,1,74321,3629
22,2,74321,3629
22,3,2203660,87163
22,5,1319431,55259
22,7,2203660,87163
22,8,3847,404
22,11,6897,694
22,12,47334,2561
22,15,8438,643
22,19,6897,694
22,20,6897,694
22,23,6897,694
22,24,6897,694
22,26,7480,633
22,28,4811,594
22,32,6897,694
22,33,6897,694
22,35,6897,694
22,36,6897,694
22,37,6897,694
22,38,4193,542
22,39,5936,413
22,40,2755,406
22,41,2800175,121300
22,42,8129,762
22,43,2877,293
22,45,54268,2561
22,46,2171,123
22,49,4193,542
22,52,6897,694
22,53,14729,1254
22,60,7599,756
22,62,8438,643
22,64,5197,467
22,65,2877,293
22,66,2877,293
22,67,59586,3538
22,68,47013,2534
22,69,8129,762
22,70,14729,1254
22,72,4193,542
22,73,6061,534
22,74,6334,567
22,76,7480,633
22,77,54268,2561
22,78,2877,293
22,79,5197,467
22,80,4193,542
22,86,6061,534
22,88,7077,526
22,89,0,0
22,90,6932,541
22,91,2877,293
22,92,5206,510
22,93,4811,594
22,94,6897,694
22,95,15017,1289
22,96,6897,694
22,97,6897,694
22,98,6351,474
22,100,8129,762
22,101,4811,594
22,105,6695,594
22,106,5206,510
22,109,7832,929
22,110,4193,542
22,111,4193,542
23,0,2348,254
23,1,73661,3666
23,2,73661,3666
23,3,2203471,87240
23,5,1318771,55297
23,7,2203471,87240
23,8,9883,886
23,11,0,0
23,12,53372,2889
23,15,8249,720
23,19,0,0
23,20,0,0
23,22,6036,483
23,24,0,0
23,26,7291,711
23,28,8837,895
23,32,0,0
23,33,0,0
23,35,0,0
23,36,0,0
23,37,0,0
23,38,8220,842
23,39,5747,491
23,40,8791,889
23,41,2799515,121338
23,42,7940,839
23,43,8914,776
23,45,60305,2888
23,46,3918,382
23,49,8220,842
23,52,0,0
23,53,14540,1331
23,60,1728,217
23,62,8249,720
23,64,5008,544
23,65,8914,776
23,66,8914,776
23,67,65624,3866
23,68,53050,2862
23,69,7940,839
23,70,14540,1331
23,72,8220,842
23,73,6048,651
23,74,6321,685
23,76,7291,711
23,77,60305,2888
23,78,8914,776
23,79,5008,544
23,80,8220,842
23,86,6048,651
23,88,6888,603
23,89,6036,483
23,90,5754,515
23,91,8914,776
23,92,8328,782
23,93,8837,895
23,94,0,0
23,95,14828,1367
23,96,0,0
23,97,0,0
23,98,6162,552
23,100,7940,839
23,101,8837,895
23,105,6505,671
23,106,8328,782
23,109,6325,981
23,110,8220,842
23,111,8220,842
24,0,2348,254
24,1,73661,3666
24,2,73661,3666
24,3,2203471,87240
24,5,1318771,55297
24,7,2203471,87240
24,8,9883,886
24,11,0,0
24,12,53372,2889
24,15,8249,720
24,19,0,0
24,20,0,0
24,22,6036,483
24,23,0,0
24,26,7291,711
24,28,8837,895
24,32,0,0
24,33,0,0
24,35,0,0
24,36,0,0
24,37,0,0
24,38,8220,842
24,39,5747,491
24,40,8791,889
24,41,2799515,121338
24,42,7940,839
24,43,8914,776
24,45,60305,2888
24,46,3918,382
24,49,8220,842
24,52,0,0
24,53,14540,1331
24,60,1728,217
24,62,8249,720
24,64,5008,544
24,65,8914,776
24,66,8914,776
24,67,65624,3866
24,68,53050,2862
24,69,7940,839
24,70,14540,1331
24,72,8220,842
24,73,6048,651
24,74,6321,685
24,76,7291,711
24,77,60305,2888
24,78,8914,776
24,79,5008,544
24,80,8220,842
24,86,6048,651
24,88,6888,603
24,89,6036,483
24,90,5754,515
24,91,8914,776
24,92,8328,782
24,93,8837,895
24,94,0,0
24,95,14828,1367
24,96,0,0
24,97,0,0
24,98,6162,552
24,100,7940,839
24,101,8837,895
24,105,6505,671
24,106,8328,782
24,109,6325,981
24,110,8220,842
24,111,8220,842
26,0,4613,448
26,1,87135,3618
26,2,87135,3618
26,3,2200046,86909
26,5,1320292,55323
26,7,2200046,86909
26,8,6340,716
26,11,7758,757
26,12,54255,2819
26,15,4824,389
26,19,7758,757
26,20,7758,757
26,22,7066,458
26,23,7758,757
26,24,7758,757
26,28,5157,681
26,32,7758,757
26,33,7758,757
26,35,7758,757
26,36,7758,757
26,37,7758,757
26,38,4539,629
26,39,2322,159
26,40,9821,864
26,41,2801036,121364
26,42,4515,508
26,43,5370,605
26,45,61189,2818
26,46,4948,357
26,49,4539,629
26,52,7758,757
26,53,11115,999
26,60,8460,819
26,62,4824,389
26,64,2566,258
26,65,5370,605
26,66,5370,605
26,67,66507,3796
26,68,53934,2792
26,69,4515,508
26,70,11115,999
26,72,4539,629
26,73,7077,627
26,74,7350,660
26,76,0,0
26,77,61189,2818
26,78,5370,605
26,79,2566,258
26,80,4539,629
26,86,7077,627
26,88,1686,198
26,89,7066,458
26,90,7793,604
26,91,5370,605
26,92,9358,757
26,93,5157,681
26,94,7758,757
26,95,11402,1035
26,96,7758,757
26,97,7758,757
26,98,2040,202
26,100,4515,508
26,101,5157,681
26,105,4626,488
26,106,9358,757
26,109,10325,1242
26,110,4539,629
26,111,4539,629
28,0,6748,778
28,1,79289,3983
28,2,79289,3983
28,3,2206534,87514
28,5,1324399,55614
28,7,2206534,87514
28,8,5125,615
28,11,9893,1087
28,12,48478,2744
28,15,11311,994
28,19,9893,1087
28,20,9893,1087
28,22,4964,507
28,23,9893,1087
28,24,9893,1087
28,26,6525,691
28,32,9893,1087
28,33,9893,1087
28,35,9893,1087
28,36,9893,1087
28,37,9893,1087
28,38,1399,163
28,39,8810,764
28,40,7321,880
28,41,2805143,121654
28,42,10234,1111
28,43,4156,505
28,45,55411,2744
28,46,7135,631
28,49,1399,163
28,52,9893,1087
28,53,17603,1604
28,60,10594,1149
28,62,11311,994
28,64,8070,818
28,65,4156,505
28,66,4156,505
28,67,60729,3721
28,68,48156,2717
28,69,10234,1111
28,70,17603,1604
28,72,1399,163
28,73,9212,957
28,74,9485,990
28,76,6525,691
28,77,55411,2744
28,78,4156,505
28,79,8070,818
28,80,1399,163
28,86,9212,957
28,88,6878,739
28,89,4964,507
28,90,9928,934
28,91,4156,505
28,92,6484,721
28,93,0,0
28,94,9893,1087
28,95,17890,1640
28,96,9893,1087
28,97,9893,1087
28,98,4484,486
28,100,10234,1111
28,101,0,0
28,105,9568,944
28,106,6484,721
28,109,9111,1141
28,110,1399,163
28,111,1399,163
32,0,2348,254
32,1,73661,3666
32,2,73661,3666
32,3,2203471,87240
32,5,1318771,55297
32,7,2203471,87240
32,8,9883,886
32,11,0,0
32,12,53372,2889
32,15,8249,720
32,19,0,0
32,20,0,0
32,22,6036,483
32,23,0,0
32,24,0,0
32,26,7291,711
32,28,8837,895
32,33,0,0
32,35,0,0
32,36,0,0
32,37,0,0
32,38,8220,842
32,39,5747,491
32,40,8791,889
32,41,2799515,121338
32,42,7940,839
32,43,8914,776
32,45,60305,2888
32,46,3918,382
32,49,8220,842
32,52,0,0
32,53,14540,1331
32,60,1728,217
32,62,8249,720
32,64,5008,544
32,65,8914,776
32,66,8914,776
32,67,65624,3866
32,68,53050,2862
32,69,7940,839
32,70,14540,1331
32,72,8220,842
32,73,6048,651
32,74,6321,685
32,76,7291,711
32,77,60305,2888
32,78,8914,776
32,79,5008,544
32,80,8220,842
32,86,6048,651
32,88,6888,603
32,89,6036,483
32,90,5754,515
32,91,8914,776
32,92,8328,782
32,93,8837,895
32,94,0,0
32,95,14828,1367
32,96,0,0
32,97,0,0
32,98,6162,552
32,100,7940,839
32,101,8837,895
32,105,6505,671
32,106,8328,782
32,109,6325,981
32,110,8220,842
32,111,8220,842
33,0,2348,254
33,1,73661,3666
33,2,73661,3666
33,3,2203471,87240
33,5,1318771,55297
33,7,2203471,87240
33,8,9883,886
33,11,0,0
33,12,53372,2889
33,15,8249,720
33,19,0,0
33,20,0,0
33,22,6036,483
33,23,0,0
33,24,0,0
33,26,7291,711
33,28,8837,895
33,32,0,0
33,35,0,0
33,36,0,0
33,37,0,0
33,38,8220,842
33,39,5747,491
33,40,8791,889
33,41,2799515,121338
33,42,7940,839
33,43,8914,776
33,45,60305,2888
33,46,3918,382
33,49,8220,842
33,52,0,0
33,53,14540,1331
33,60,1728,217
33,62,8249,720
33,64,5008,544
33,65,8914,776
33,66,8914,776
33,67,65624,3866
33,68,53050,2862
33,69,7940,839
33,70,14540,1331
33,72,8220,842
33,73,6048,651
33,74,6321,685
33,76,7291,711
33,77,60305,2888
33,78,8914,776
33,79,5008,544
33,80,8220,842
33,86,6048,651
33,88,6888,603
33,89,6036,483
33,90,5754,515
33,91,8914,776
33,92,8328,782
33,93,8837,895
33,94,0,0
33,95,14828,1367
33,96,0,0
33,97,0,0
33,98,6162,552
33,100,7940,839
33,101,8837,895
33,105,6505,671
33,106,8328,782
33,109,6325,981
33,110,8220,842
33,111,8220,842
35,0,2348,254
35,1,73661,3666
35,2,73661,3666
35,3,2203471,87240
35,5,1318771,55297
35,7,2203471,87240
35,8,9883,886
35,11,0,0
35,12,53372,2889
35,15,8249,720
35,19,0,0
35,20,0,0
35,22,6036,483
35,23,0,0
35,24,0,0
35,26,7291,711
35,28,8837,895
35,32,0,0
35,33,0,0
35,36,0,0
35,37,0,0
35,38,8220,842
35,39,5747,491
35,40,8791,889
35,41,2799515,121338
35,42,7940,839
35,43,8914,776
35,45,60305,2888
35,46,3918,382
35,49,8220,842
35,52,0,0
35,53,14540,1331
35,60,1728,217
35,62,8249,720
35,64,5008,544
35,65,8914,776
35,66,8914,776
35,67,65624,3866
35,68,53050,2862
35,69,7940,839
35,70,14540,1331
35,72,8220,842
35,73,6048,651
35,74,6321,685
35,76,7291,711
35,77,60305,2888
35,78,8914,776
35,79,5008,544
35,80,8220,842
35,86,6048,651
35,88,6888,603
35,89,6036,483
35,90,5754,515
35,91,8914,776
35,92,8328,782
35,93,8837,895
35,94,0,0
35,95,14828,1367
35,96,0,0
35,97,0,0
35,98,6162,552
35,100,7940,839
35,101,8837,895
35,105,6505,671
35,106,8328,782
35,109,6325,981
35,110,8220,842
35,111,8220,842
36,0,2348,254
36,1,73661,3666
36,2,73661,3666
36,3,2203471,87240
36,5,1318771,55297
36,7,2203471,87240
36,8,9883,886
36,11,0,0
36,12,53372,2889
36,15,8249,720
36,19,0,0
36,20,0,0
36,22,6036,483
36,23,0,0
36,24,0,0
36,26,7291,711
36,28,8837,895
36,32,0,0
36,33,0,0
36,35,0,0
36,37,0,0
36,38,8220,842
36,39,5747,491
36,40,8791,889
36,41,2799515,121338
36,42,7940,839
36,43,8914,776
36,45,60305,2888
36,46,3918,382
36,49,8220,842
36,52,0,0
36,53,14540,1331
36,60,1728,217
36,62,8249,720
36,64,5008,544
36,65,8914,776
36,66,8914,776
36,67,65624,3866
36,68,53050,2862
36,69,7940,839
36,70,14540,1331
36,72,8220,842
36,73,6048,651
36,74,6321,685
36,76,7291,711
36,77,60305,2888
36,78,8914,776
36,79,5008,544
36,80,8220,842
36,86,6048,651
36,88,6888,603
36,89,6036,483
36,90,5754,515
36,91,8914,776
36,92,8328,782
36,93,8837,895
36,94,0,0
36,95,14828,1367
36,96,0,0
36,97,0,0
36,98,6162,552
36,100,7940,839
36,101,8837,895
36,105,6505,671
36,106,8328,782
36,109,6325,981
36,110,8220,842
36,111,8220,842
37,0,2348,254
37,1,73661,3666
37,2,73661,3666
37,3,2203471,87240
37,5,1318771,55297
37,7,2203471,87240
37,8,9883,886
37,11,0,0
37,12,53372,2889
37,15,8249,720
37,19,0,0
37,20,0,0
37,22,6036,483
37,23,0,0
37,24,0,0
37,26,7291,711
37,28,8837,895
37,32,0,0
37,33,0,0
37,35,0,0
37,36,0,0
37,38,8220,842
37,39,5747,491
37,40,8791,889
37,41,2799515,121338
37,42,7940,839
37,43,8914,776
37,45,60305,2888
37,46,3918,382
37,49,8220,842
37,52,0,0
37,53,14540,1331
37,60,1728,217
37,62,8249,720
37,64,5008,544
37,65,8914,776
37,66,8914,776
37,67,65624,3866
37,68,53050,2862
37,69,7940,839
37,70,14540,1331
37,72,8220,842
37,73,6048,651
37,74,6321,685
37,76,7291,711
37,77,60305,2888
37,78,8914,776
37,79,5008,544
37,80,8220,842
37,86,6048,651
37,88,6888,603
37,89,6036,483
37,90,5754,515
37,91,8914,776
37,92,8328,782
37,93,8837,895
37,94,0,0
37,95,14828,1367
37,96,0,0
37,97,0,0
37,98,6162,552
37,100,7940,839
37,101,8837,895
37,105,6505,671
37,106,8328,782
37,109,6325,981
37,110,8220,842
37,111,8220,842
38,0,5336,608
38,1,77878,3813
38,2,77878,3813
38,3,2205122,87344
38,5,1322988,55444
38,7,2205122,87344
38,8,3714,446
38,11,8481,917
38,12,47066,2575
38,15,9900,824
38,19,8481,917
38,20,8481,917
38,22,3553,338
38,23,8481,917
38,24,8481,917
38,26,5113,522
38,28,1559,205
38,32,8481,917
38,33,8481,917
38,35,8481,917
38,36,8481,917
38,37,8481,917
38,39,7398,594
38,40,5909,710
38,41,2803732,121485
38,42,8823,941
38,43,2744,335
38,45,54000,2574
38,46,5724,461
38,49,0,0
38,52,8481,917
38,53,16191,1435
38,60,9183,980
38,62,9900,824
38,64,6659,648
38,65,2744,335
38,66,2744,335
38,67,59318,3552
38,68,46745,2548
38,69,8823,941
38,70,16191,1435
38,72,0,0
38,73,7800,787
38,74,8073,820
38,76,5113,522
38,77,54000,2574
38,78,2744,335
38,79,6659,648
38,80,0,0
38,86,7800,787
38,88,5467,570
38,89,3553,338
38,90,8516,764
38,91,2744,335
38,92,5073,552
38,93,1559,205
38,94,8481,917
38,95,16479,1470
38,96,8481,917
38,97,8481,917
38,98,3073,316
38,100,8823,941
38,101,1559,205
38,105,8157,774
38,106,5073,552
38,109,7699,972
38,110,0,0
38,111,0,0
39,0,3469,425
39,1,84823,3492
39,2,84823,3492
39,3,2197733,86782
39,5,1319148,55299
39,7,2197733,86782
39,8,9754,725
39,11,6614,734
39,12,49896,2687
39,15,2511,262
39,19,6614,734
39,20,6614,734
39,22,5922,434
39,23,6614,734
39,24,6614,734
39,26,6779,533
39,28,8577,801
39,32,6614,734
39,33,6614,734
39,35,6614,734
39,36,6614,734
39,37,6614,734
39,38,7959,749
39,40,8677,840
39,41,2799892,121340
39,42,2203,381
39,43,8785,614
39,45,56237,2682
39,46,3804,334
39,49,7959,749
39,52,6614,734
39,53,8802,873
39,60,7316,796
39,62,2511,262
39,64,1422,235
39,65,8785,614
39,66,8785,614
39,67,62148,3664
39,68,45907,2665
39,69,2203,381
39,70,8802,873
39,72,7959,749
39,73,5933,603
39,74,6206,636
39,76,6779,533
39,77,56237,2682
39,78,8785,614
39,79,1422,235
39,80,7959,749
39,86,5933,603
39,88,6628,510
39,89,5922,434
39,90,6649,581
39,91,8785,614
39,92,8214,734
39,93,8577,801
39,94,6614,734
39,95,9090,909
39,96,6614,734
39,97,6614,734
39,98,5902,458
39,100,2203,381
39,101,8577,801
39,105,2314,362
39,106,8214,734
39,109,17920,1148
39,110,7959,749
39,111,7959,749
40,0,6507,799
40,1,77076,4042
40,2,77076,4042
40,3,2206415,87576
40,5,1322186,55673
40,7,2206415,87576
40,8,2502,370
40,11,9652,1108
40,12,49693,2910
40,15,11193,1056
40,19,9652,1108
40,20,9652,1108
40,22,2755,414
40,23,9652,1108
40,24,9652,1108
40,26,10235,1047
40,28,7169,943
40,32,9652,1108
40,33,9652,1108
40,35,9652,1108
40,36,9652,1108
40,37,9652,1108
40,38,6551,891
40,39,8691,827
40,41,2802930,121714
40,42,10884,1175
40,43,3215,418
40,45,56626,2910
40,46,4926,537
40,49,6551,891
40,52,9652,1108
40,53,17484,1667
40,60,10354,1170
40,62,11193,1056
40,64,7952,880
40,65,3215,418
40,66,3215,418
40,67,61945,3887
40,68,49371,2883
40,69,10884,1175
40,70,17484,1667
40,72,6551,891
40,73,5033,626
40,74,5306,659
40,76,10235,1047
40,77,56626,2910
40,78,3215,418
40,79,7952,880
40,80,6551,891
40,86,5033,626
40,88,9832,940
40,89,2755,414
40,90,9687,955
40,91,3215,418
40,92,844,142
40,93,7169,943
40,94,9652,1108
40,95,17772,1703
40,96,9652,1108
40,97,9652,1108
40,98,7655,835
40,100,10884,1175
40,101,7169,943
40,105,9449,1007
40,106,844,142
40,109,6487,896
40,110,6551,891
40,111,6551,891
41,0,2798177,121975
41,1,2766504,120880
41,2,2766504,120880
41,3,3537505,157947
41,5,1785445,72523
41,7,3537505,157947
41,8,2804445,122186
41,11,2801322,122284
41,12,2847290,124227
41,15,2799235,121949
41,19,2801322,122284
41,20,2801322,122284
41,22,2800629,121985
41,23,2801322,122284
41,24,2801322,122284
41,26,2801738,122170
41,28,2803284,122354
41,32,2801322,122284
41,33,2801322,122284
41,35,2801322,122284
41,36,2801322,122284
41,37,2801322,122284
41,38,2802667,122302
41,39,2800194,121952
41,40,2803384,122391
41,42,2802387,122300
41,43,2803476,122076
41,45,2853631,124222
41,46,2798511,121884
41,49,2802667,122302
41,52,2801322,122284
41,53,2802943,122355
41,60,2802023,122346
41,62,2799235,121949
41,64,2799454,122005
41,65,2803476,122076
41,66,2803476,122076
41,67,2859542,125204
41,68,2843302,124205
41,69,2802387,122300
41,70,2802943,122355
41,72,2802667,122302
41,73,2800640,122154
41,74,2800914,122187
41,76,2801738,122170
41,77,2853631,124222
41,78,2803476,122076
41,79,2799454,122005
41,80,2802667,122302
41,86,2800640,122154
41,88,2801335,122063
41,89,2800629,121985
41,90,2801357,122131
41,91,2803476,122076
41,92,2805805,122292
41,93,2803284,122354
41,94,2801322,122284
41,95,2803231,122390
41,96,2801322,122284
41,97,2801322,122284
41,98,2800609,122011
41,100,2802387,122300
41,101,2803284,122354
41,105,2801510,122159
41,106,2805805,122292
41,109,2812612,122610
41,110,2802667,122302
41,111,2802667,122302
42,0,4810,718
42,1,86527,3781
42,2,86527,3781
42,3,2199438,87072
42,5,1320488,55592
42,7,2199438,87072
42,8,11932,997
42,11,7955,1027
42,12,52108,3023
42,15,4216,552
42,19,7955,1027
42,20,7955,1027
42,22,7262,728
42,23,7955,1027
42,24,7955,1027
42,26,8991,870
42,28,9917,1097
42,32,7955,1027
42,33,7955,1027
42,35,7955,1027
42,36,7955,1027
42,37,7955,1027
42,38,9300,1045
42,39,2222,390
42,40,10017,1134
42,41,2801232,121633
42,43,10963,886
42,45,58449,3018
42,46,5144,627
42,49,9300,1045
42,52,7955,1027
42,53,10507,1163
42,60,8656,1089
42,62,4216,552
42,64,3635,571
42,65,10963,886
42,66,10963,886
42,67,64360,4001
42,68,48120,3002
42,69,0,0
42,70,10507,1163
42,72,9300,1045
42,73,7274,897
42,74,7547,930
42,76,8991,870
42,77,58449,3018
42,78,10963,886
42,79,3635,571
42,80,9300,1045
42,86,7274,897
42,88,7968,806
42,89,7262,728
42,90,7990,874
42,91,10963,886
42,92,9554,1027
42,93,9917,1097
42,94,7955,1027
42,95,10795,1199
42,96,7955,1027
42,97,7955,1027
42,98,7242,754
42,100,0,0
42,101,9917,1097
42,105,1113,272
42,106,9554,1027
42,109,20098,1420
42,110,9300,1045
42,111,9300,1045
43,0,6634,568
43,1,77203,3739
43,2,77203,3739
43,3,2206542,87345
43,5,1322313,55370
43,7,2206542,87345
43,8,1004,141
43,11,9779,877
43,12,46526,2536
43,15,11320,825
43,19,9779,877
43,20,9779,877
43,22,2878,264
43,23,9779,877
43,24,9779,877
43,26,6528,667
43,28,4002,569
43,32,9779,877
43,33,9779,877
43,35,9779,877
43,36,9779,877
43,37,9779,877
43,38,3385,517
43,39,8818,596
43,40,3207,467
43,41,2803057,121411
43,42,11011,944
43,45,53460,2536
43,46,5049,387
43,49,3385,517
43,52,9779,877
43,53,17611,1436
43,60,10481,939
43,62,11320,825
43,64,8079,649
43,65,0,0
43,66,0,0
43,67,58778,3514
43,68,46204,2509
43,69,11011,944
43,70,17611,1436
43,72,3385,517
43,73,6543,722
43,74,6816,756
43,76,6528,667
43,77,53460,2536
43,78,0,0
43,79,8079,649
43,80,3385,517
43,86,6543,722
43,88,6882,715
43,89,2878,264
43,90,9814,724
43,91,0,0
43,92,2363,247
43,93,4002,569
43,94,9779,877
43,95,17898,1472
43,96,9779,877
43,97,9779,877
43,98,4488,461
43,100,11011,944
43,101,4002,569
43,105,9576,776
43,106,2363,247
43,109,4989,666
43,110,3385,517
43,111,3385,517
45,0,58450,2745
45,1,137816,5574
45,2,137816,5574
45,3,2250727,88864
45,5,1374128,57547
45,7,2250727,88864
45,8,54779,2620
45,11,61595,3054
45,12,43080,2368
45,15,57577,2515
45,19,61595,3054
45,20,61595,3054
45,22,54700,2538
45,23,61595,3054
45,24,61595,3054
45,26,54549,2478
45,28,55825,2847
45,32,61595,3054
45,33,61595,3054
45,35,61595,3054
45,36,61595,3054
45,37,61595,3054
45,38,55207,2795
45,39,56644,2606
45,40,57056,2910
45,41,2854872,123588
45,42,58837,2954
45,43,53809,2509
45,46,56871,2661
45,49,55207,2795
45,52,61595,3054
45,53,61892,2987
45,60,62296,3116
45,62,57577,2515
45,64,56888,2705
45,65,53809,2509
45,66,53809,2509
45,67,30141,2813
45,68,11096,988
45,69,58837,2954
45,70,61892,2987
45,72,55207,2795
45,73,60758,2894
45,74,61032,2927
45,76,54549,2478
45,77,0,0
45,78,53809,2509
45,79,56888,2705
45,80,55207,2795
45,86,60758,2894
45,88,56236,2676
45,89,54700,2538
45,90,61630,2901
45,91,53809,2509
45,92,56138,2726
45,93,55825,2847
45,94,61595,3054
45,95,62180,3023
45,96,61595,3054
45,97,61595,3054
45,98,56590,2681
45,100,58837,2954
45,101,55825,2847
45,105,58948,2935
45,106,56138,2726
45,109,61351,2962
45,110,55207,2795
45,111,55207,2795
46,0,1634,283
46,1,72203,3527
46,2,72203,3527
46,3,2201542,87061
46,5,1317313,55158
46,7,2201542,87061
46,8,6018,527
46,11,4779,592
46,12,49505,2684
46,15,6320,541
46,19,4779,592
46,20,4779,592
46,22,2171,123
46,23,4779,592
46,24,4779,592
46,26,5362,532
46,28,6908,715
46,32,4779,592
46,33,4779,592
46,35,4779,592
46,36,4779,592
46,37,4779,592
46,38,6291,663
46,39,3818,311
46,40,4926,529
46,41,2798057,121198
46,42,6011,660
46,43,5049,416
46,45,56439,2684
46,49,6291,663
46,52,4779,592
46,53,12611,1152
46,60,5481,654
46,62,6320,541
46,64,3079,365
46,65,5049,416
46,66,5049,416
46,67,61757,3661
46,68,49184,2657
46,69,6011,660
46,70,12611,1152
46,72,6291,663
46,73,3943,432
46,74,4216,465
46,76,5362,532
46,77,56439,2684
46,78,5049,416
46,79,3079,365
46,80,6291,663
46,86,3943,432
46,88,4959,424
46,89,2171,123
46,90,4814,439
46,91,5049,416
46,92,6224,562
46,93,6908,715
46,94,4779,592
46,95,12898,1187
46,96,4779,592
46,97,4779,592
46,98,4233,373
46,100,6011,660
46,101,6908,715
46,105,4576,492
46,106,6224,562
46,109,10003,1052
46,110,6291,663
46,111,6291,663
49,0,5336,608
49,1,77878,3813
49,2,77878,3813
49,3,2205122,87344
49,5,1322988,55444
49,7,2205122,87344
49,8,3714,446
49,11,8481,917
49,12,47066,2575
49,15,9900,824
49,19,8481,917
49,20,8481,917
49,22,3553,338
49,23,8481,917
49,24,8481,917
49,26,5113,522
49,28,1559,205
49,32,8481,917
49,33,8481,917
49,35,8481,917
49,36,8481,917
49,37,8481,917
49,38,0,0
49,39,7398,594
49,40,5909,710
49,41,2803732,121485
49,42,8823,941
49,43,2744,335
49,45,54000,2574
49,46,5724,461
49,52,8481,917
49,53,16191,1435
49,60,9183,980
49,62,9900,824
49,64,6659,648
49,65,2744,335
49,66,2744,335
49,67,59318,3552
49,68,46745,2548
49,69,8823,941
49,70,16191,1435
49,72,0,0
49,73,7800,787
49,74,8073,820
49,76,5113,522
49,77,54000,2574
49,78,2744,335
49,79,6659,648
49,80,0,0
49,86,7800,787
49,88,5467,570
49,89,3553,338
49,90,8516,764
49,91,2744,335
49,92,5073,552
49,93,1559,205
49,94,8481,917
49,95,16479,1470
49,96,8481,917
49,97,8481,917
49,98,3073,316
49,100,8823,941
49,101,1559,205
49,105,8157,774
49,106,5073,552
49,109,7699,972
49,110,0,0
49,111,0,0
52,0,2348,254
52,1,73661,3666
52,2,73661,3666
52,3,2203471,87240
52,5,1318771,55297
52,7,2203471,87240
52,8,9883,886
52,11,0,0
52,12,53372,2889
52,15,8249,720
52,19,0,0
52,20,0,0
52,22,6036,483
52,23,0,0
52,24,0,0
52,26,7291,711
52,28,8837,895
52,32,0,0
52,33,0,0
52,35,0,0
52,36,0,0
52,37,0,0
52,38,8220,842
52,39,5747,491
52,40,8791,889
52,41,2799515,121338
52,42,7940,839
52,43,8914,776
52,45,60305,2888
52,46,3918,382
52,49,8220,842
52,53,14540,1331
52,60,1728,217
52,62,8249,720
52,64,5008,544
52,65,8914,776
52,66,8914,776
52,67,65624,3866
52,68,53050,2862
52,69,7940,839
52,70,14540,1331
52,72,8220,842
52,73,6048,651
52,74,6321,685
52,76,7291,711
52,77,60305,2888
52,78,8914,776
52,79,5008,544
52,80,8220,842
52,86,6048,651
52,88,6888,603
52,89,6036,483
52,90,5754,515
52,91,8914,776
52,92,8328,782
52,93,8837,895
52,94,0,0
52,95,14828,1367
52,96,0,0
52,97,0,0
52,98,6162,552
52,100,7940,839
52,101,8837,895
52,105,6505,671
52,106,8328,782
52,109,6325,981
52,110,8220,842
52,111,8220,842
53,0,12262,1213
53,1,86717,3670
53,2,86717,3670
53,3,2199628,86961
53,5,1322228,55698
53,7,2199628,86961
53,8,23725,1471
53,11,15407,1522
53,12,54455,2906
53,15,6291,579
53,19,15407,1522
53,20,15407,1522
53,22,14715,1222
53,23,15407,1522
53,24,15407,1522
53,26,10091,881
53,28,15248,1562
53,32,15407,1522
53,33,15407,1522
53,35,15407,1522
53,36,15407,1522
53,37,15407,1522
53,38,14630,1509
53,39,8802,842
53,40,17470,1628
53,41,2802972,121738
53,42,10488,1125
53,43,17577,1402
53,45,60796,2901
53,46,12596,1122
53,49,14630,1509
53,52,15407,1522
53,60,16108,1584
53,62,6291,579
53,64,10215,1023
53,65,17577,1402
53,66,17577,1402
53,67,66707,3883
53,68,50466,2884
53,69,10488,1125
53,70,0,0
53,72,14630,1509
53,73,14726,1391
53,74,14999,1424
53,76,10091,881
53,77,60796,2901
53,78,17577,1402
53,79,10215,1023
53,80,14630,1509
53,86,14726,1391
53,88,11778,1079
53,89,14715,1222
53,90,15442,1369
53,91,17577,1402
53,92,17007,1522
53,93,15248,1562
53,94,15407,1522
53,95,769,91
53,96,15407,1522
53,97,15407,1522
53,98,12132,1083
53,100,10488,1125
53,101,15248,1562
53,105,10599,1106
53,106,17007,1522
53,109,24712,1565
53,110,14630,1509
53,111,14630,1509
60,0,3921,417
60,1,75234,3830
60,2,75234,3830
60,3,2205043,87404
60,5,1320344,55461
60,7,2205043,87404
60,8,11456,1050
60,11,1572,164
60,12,54944,3052
60,15,9821,884
60,19,1572,164
60,20,1572,164
60,22,7609,646
60,23,1572,164
60,24,1572,164
60,26,8864,874
60,28,10410,1058
60,32,1572,164
60,33,1572,164
60,35,1572,164
60,36,1572,164
60,37,1572,164
60,38,9792,1006
60,39,7320,654
60,40,10364,1052
60,41,2801087,121502
60,42,9513,1003
60,43,10486,939
60,45,61878,3052
60,46,5491,545
60,49,9792,1006
60,52,1572,164
60,53,16112,1495
60,62,9821,884
60,64,6580,708
60,65,10486,939
60,66,10486,939
60,67,67196,4029
60,68,54623,3025
60,69,9513,1003
60,70,16112,1495
60,72,9792,1006
60,73,7620,815
60,74,7893,848
60,76,8864,874
60,77,61878,3052
60,78,10486,939
60,79,6580,708
60,80,9792,1006
60,86,7620,815
60,88,8461,767
60,89,7609,646
60,90,7327,679
60,91,10486,939
60,92,9901,945
60,93,10410,1058
60,94,1572,164
60,95,16400,1530
60,96,1572,164
60,97,1572,164
60,98,7735,715
60,100,9513,1003
60,101,10410,1058
60,105,8078,835
60,106,9901,945
60,109,7000,1029
60,110,9792,1006
60,111,9792,1006
62,0,5971,633
62,1,82311,3229
62,2,82311,3229
62,3,2195222,86520
62,5,1317822,55257
62,7,2195222,86520
62,8,12256,933
62,11,9116,942
62,12,50835,2514
62,15,0,0
62,19,9116,942
62,20,9116,942
62,22,8423,643
62,23,9116,942
62,24,9116,942
62,26,7731,474
62,28,11079,1010
62,32,9116,942
62,33,9116,942
62,35,9116,942
62,36,9116,942
62,37,9116,942
62,38,10461,957
62,39,2511,262
62,40,11178,1049
62,41,2798566,121298
62,42,4197,546
62,43,11286,822
62,45,57176,2509
62,46,6305,542
62,49,10461,957
62,52,9116,942
62,53,6291,611
62,60,9817,1004
62,64,3924,443
62,65,11286,822
62,66,11286,822
62,67,63087,3491
62,68,46846,2492
62,69,4197,546
62,70,6291,611
62,72,10461,957
62,73,8435,812
62,74,8708,845
62,76,7731,474
62,77,57176,2509
62,78,11286,822
62,79,3924,443
62,80,10461,957
62,86,8435,812
62,88,9130,718
62,89,8423,643
62,90,9151,789
62,91,11286,822
62,92,10715,942
62,93,11079,1010
62,94,9116,942
62,95,6579,646
62,96,9116,942
62,97,9116,942
62,98,8404,667
62,100,4197,546
62,101,11079,1010
62,105,4308,526
62,106,10715,942
62,109,21092,1174
62,110,10461,957
62,111,10461,957
64,0,2639,381
64,1,73208,3624
64,2,73208,3624
64,3,2199013,86892
64,5,1318317,55255
64,7,2199013,86892
64,8,8924,681
64,11,5784,690
64,12,50007,2699
64,15,3790,372
64,19,5784,690
64,20,5784,690
64,22,5091,391
64,23,5784,690
64,24,5784,690
64,26,6200,573
64,28,7747,757
64,32,5784,690
64,33,5784,690
64,35,5784,690
64,36,5784,690
64,37,5784,690
64,38,7129,705
64,39,1289,143
64,40,7846,797
64,41,2799061,121296
64,42,3482,491
64,43,7954,570
64,45,56348,2694
64,46,2973,290
64,49,7129,705
64,52,5784,690
64,53,10082,983
64,60,6485,752
64,62,3790,372
64,65,7954,570
64,66,7954,570
64,67,62259,3677
64,68,46018,2678
64,69,3482,491
64,70,10082,983
64,72,7129,705
64,73,5103,559
64,74,5376,593
64,76,6200,573
64,77,56348,2694
64,78,7954,570
64,79,0,0
64,80,7129,705
64,86,5103,559
64,88,5797,466
64,89,5091,391
64,90,5819,537
64,91,7954,570
64,92,7383,690
64,93,7747,757
64,94,5784,690
64,95,10369,1019
64,96,5784,690
64,97,5784,690
64,98,5071,414
64,100,3482,491
64,101,7747,757
64,105,3593,472
64,106,7383,690
64,109,17090,1104
64,110,7129,705
64,111,7129,705
65,0,6634,568
65,1,77203,3739
65,2,77203,3739
65,3,2206542,87345
65,5,1322313,55370
65,7,2206542,87345
65,8,1004,141
65,11,9779,877
65,12,46526,2536
65,15,11320,825
65,19,9779,877
65,20,9779,877
65,22,2878,264
65,23,9779,877
65,24,9779,877
65,26,6528,667
65,28,4002,569
65,32,9779,877
65,33,9779,877
65,35,9779,877
65,36,9779,877
65,37,9779,877
65,38,3385,517
65,39,8818,596
65,40,3207,467
65,41,2803057,121411
65,42,11011,944
65,43,0,0
65,45,53460,2536
65,46,5049,387
65,49,3385,517
65,52,9779,877
65,53,17611,1436
65,60,10481,939
65,62,11320,825
65,64,8079,649
65,66,0,0
65,67,58778,3514
65,68,46204,2509
65,69,11011,944
65,70,17611,1436
65,72,3385,517
65,73,6543,722
65,74,6816,756
65,76,6528,667
65,77,53460,2536
65,78,0,0
65,79,8079,649
65,80,3385,517
65,86,6543,722
65,88,6882,715
65,89,2878,264
65,90,9814,724
65,91,0,0
65,92,2363,247
65,93,4002,569
65,94,9779,877
65,95,17898,1472
65,96,9779,877
65,97,9779,877
65,98,4488,461
65,100,11011,944
65,101,4002,569
65,105,9576,776
65,106,2363,247
65,109,4989,666
65,110,3385,517
65,111,3385,517
66,0,6634,568
66,1,77203,3739
66,2,77203,3739
66,3,2206542,87345
66,5,1322313,55370
66,7,2206542,87345
66,8,1004,141
66,11,9779,877
66,12,46526,2536
66,15,11320,825
66,19,9779,877
66,20,9779,877
66,22,2878,264
66,23,9779,877
66,24,9779,877
66,26,6528,667
66,28,4002,569
66,32,9779,877
66,33,9779,877
66,35,9779,877
66,36,9779,877
66,37,9779,877
66,38,3385,517
66,39,8818,596
66,40,3207,467
66,41,2803057,121411
66,42,11011,944
66,43,0,0
66,45,53460,2536
66,46,5049,387
66,49,3385,517
66,52,9779,877
66,53,17611,1436
66,60,10481,939
66,62,11320,825
66,64,8079,649
66,65,0,0
66,67,58778,3514
66,68,46204,2509
66,69,11011,944
66,70,17611,1436
66,72,3385,517
66,73,6543,722
66,74,6816,756
66,76,6528,667
66,77,53460,2536
66,78,0,0
66,79,8079,649
66,80,3385,517
66,86,6543,722
66,88,6882,715
66,89,2878,264
66,90,9814,724
66,91,0,0
66,92,2363,247
66,93,4002,569
66,94,9779,877
66,95,17898,1472
66,96,9779,877
66,97,9779,877
66,98,4488,461
66,100,11011,944
66,101,4002,569
66,105,9576,776
66,106,2363,247
66,109,4989,666
66,110,3385,517
66,111,3385,517
67,0,62968,3710
67,1,142635,6509
67,2,142635,6509
67,3,2255546,89800
67,5,1378646,58513
67,7,2255546,89800
67,8,59297,3585
67,11,66113,4019
67,12,12557,1622
67,15,62396,3451
67,19,66113,4019
67,20,66113,4019
67,22,59218,3504
67,23,66113,4019
67,24,66113,4019
67,26,59368,3414
67,28,60343,3813
67,32,66113,4019
67,33,66113,4019
67,35,66113,4019
67,36,66113,4019
67,37,66113,4019
67,38,59725,3760
67,39,61463,3541
67,40,61575,3876
67,41,2859390,124554
67,42,63656,3890
67,43,58327,3475
67,45,30168,2829
67,46,61389,3627
67,49,59725,3760
67,52,66113,4019
67,53,66711,3923
67,60,66814,4081
67,62,62396,3451
67,64,61707,3641
67,65,58327,3475
67,66,58327,3475
67,68,33732,3042
67,69,63656,3890
67,70,66711,3923
67,72,59725,3760
67,73,65277,3859
67,74,65550,3892
67,76,59368,3414
67,77,30168,2829
67,78,58327,3475
67,79,61707,3641
67,80,59725,3760
67,86,65277,3859
67,88,61055,3612
67,89,59218,3504
67,90,66148,3866
67,91,58327,3475
67,92,60656,3691
67,93,60343,3813
67,94,66113,4019
67,95,66999,3958
67,96,66113,4019
67,97,66113,4019
67,98,61409,3616
67,100,63656,3890
67,101,60343,3813
67,105,63767,3871
67,106,60656,3691
67,109,66171,3898
67,110,59725,3760
67,111,59725,3760
68,0,46869,2686
68,1,126536,5484
68,2,126536,5484
68,3,2239447,88775
68,5,1362547,57488
68,7,2239447,88775
68,8,43198,2561
68,11,50014,2995
68,12,28118,2091
68,15,46297,2426
68,19,50014,2995
68,20,50014,2995
68,22,43119,2479
68,23,50014,2995
68,24,50014,2995
68,26,43269,2389
68,28,44244,2788
68,32,50014,2995
68,33,50014,2995
68,35,50014,2995
68,36,50014,2995
68,37,50014,2995
68,38,43626,2736
68,39,45364,2517
68,40,45475,2851
68,41,2843291,123529
68,42,47557,2865
68,43,42228,2450
68,45,10914,1038
68,46,45290,2602
68,49,43626,2736
68,52,50014,2995
68,53,50612,2898
68,60,50715,3057
68,62,46297,2426
68,64,45608,2616
68,65,42228,2450
68,66,42228,2450
68,67,33724,3031
68,69,47557,2865
68,70,50612,2898
68,72,43626,2736
68,73,49177,2835
68,74,49451,2868
68,76,43269,2389
68,77,10914,1038
68,78,42228,2450
68,79,45608,2616
68,80,43626,2736
68,86,49177,2835
68,88,44955,2587
68,89,43119,2479
68,90,50049,2842
68,91,42228,2450
68,92,44557,2667
68,93,44244,2788
68,94,50014,2995
68,95,50900,2934
68,96,50014,2995
68,97,50014,2995
68,98,45309,2592
68,100,47557,2865
68,101,44244,2788
68,105,47668,2846
68,106,44557,2667
68,109,50071,2873
68,110,43626,2736
68,111,43626,2736
69,0,4810,718
69,1,86527,3781
69,2,86527,3781
69,3,2199438,87072
69,5,1320488,55592
69,7,2199438,87072
69,8,11932,997
69,11,7955,1027
69,12,52108,3023
69,15,4216,552
69,19,7955,1027
69,20,7955,1027
69,22,7262,728
69,23,7955,1027
69,24,7955,1027
69,26,8991,870
69,28,9917,1097
69,32,7955,1027
69,33,7955,1027
69,35,7955,1027
69,36,7955,1027
69,37,7955,1027
69,38,9300,1045
69,39,2222,390
69,40,10017,1134
69,41,2801232,121633
69,42,0,0
69,43,10963,886
69,45,58449,3018
69,46,5144,627
69,49,9300,1045
69,52,7955,1027
69,53,10507,1163
69,60,8656,1089
69,62,4216,552
69,64,3635,571
69,65,10963,886
69,66,10963,886
69,67,64360,4001
69,68,48120,3002
69,70,10507,1163
69,72,9300,1045
69,73,7274,897
69,74,7547,930
69,76,8991,870
69,77,58449,3018
69,78,10963,886
69,79,3635,571
69,80,9300,1045
69,86,7274,897
69,88,7968,806
69,89,7262,728
69,90,7990,874
69,91,10963,886
69,92,9554,1027
69,93,9917,1097
69,94,7955,1027
69,95,10795,1199
69,96,7955,1027
69,97,7955,1027
69,98,7242,754
69,100,0,0
69,101,9917,1097
69,105,1113,272
69,106,9554,1027
69,109,20098,1420
69,110,9300,1045
69,111,9300,1045
70,0,12262,1213
70,1,86717,3670
70,2,86717,3670
70,3,2199628,86961
70,5,1322228,55698
70,7,2199628,86961
70,8,23725,1471
70,11,15407,1522
70,12,54455,2906
70,15,6291,579
70,19,15407,1522
70,20,15407,1522
70,22,14715,1222
70,23,15407,1522
70,24,15407,1522
70,26,10091,881
70,28,15248,1562
70,32,15407,1522
70,33,15407,1522
70,35,15407,1522
70,36,15407,1522
70,37,15407,1522
70,38,14630,1509
70,39,8802,842
70,40,17470,1628
70,41,2802972,121738
70,42,10488,1125
70,43,17577,1402
70,45,60796,2901
70,46,12596,1122
70,49,14630,1509
70,52,15407,1522
70,53,0,0
70,60,16108,1584
70,62,6291,579
70,64,10215,1023
70,65,17577,1402
70,66,17577,1402
70,67,66707,3883
70,68,50466,2884
70,69,10488,1125
70,72,14630,1509
70,73,14726,1391
70,74,14999,1424
70,76,10091,881
70,77,60796,2901
70,78,17577,1402
70,79,10215,1023
70,80,14630,1509
70,86,14726,1391
70,88,11778,1079
70,89,14715,1222
70,90,15442,1369
70,91,17577,1402
70,92,17007,1522
70,93,15248,1562
70,94,15407,1522
70,95,769,91
70,96,15407,1522
70,97,15407,1522
70,98,12132,1083
70,100,10488,1125
70,101,15248,1562
70,105,10599,1106
70,106,17007,1522
70,109,24712,1565
70,110,14630,1509
70,111,14630,1509
72,0,5336,608
72,1,77878,3813
72,2,77878,3813
72,3,2205122,87344
72,5,1322988,55444
72,7,2205122,87344
72,8,3714,446
72,11,8481,917
72,12,47066,2575
72,15,9900,824
72,19,8481,917
72,20,8481,917
72,22,3553,338
72,23,8481,917
72,24,8481,917
72,26,5113,522
72,28,1559,205
72,32,8481,917
72,33,8481,917
72,35,8481,917
72,36,8481,917
72,37,8481,917
72,38,0,0
72,39,7398,594
72,40,5909,710
72,41,2803732,121485
72,42,8823,941
72,43,2744,335
72,45,54000,2574
72,46,5724,461
72,49,0,0
72,52,8481,917
72,53,16191,1435
72,60,9183,980
72,62,9900,824
72,64,6659,648
72,65,2744,335
72,66,2744,335
72,67,59318,3552
72,68,46745,2548
72,69,8823,941
72,70,16191,1435
72,73,7800,787
72,74,8073,820
72,76,5113,522
72,77,54000,2574
72,78,2744,335
72,79,6659,648
72,80,0,0
72,86,7800,787
72,88,5467,570
72,89,3553,338
72,90,8516,764
72,91,2744,335
72,92,5073,552
72,93,1559,205
72,94,8481,917
72,95,16479,1470
72,96,8481,917
72,97,8481,917
72,98,3073,316
72,100,8823,941
72,101,1559,205
72,105,8157,774
72,106,5073,552
72,109,7699,972
72,110,0,0
72,111,0,0
73,0,3725,510
73,1,74293,3753
73,2,74293,3753
73,3,2203632,87288
73,5,1319403,55384
73,7,2203632,87288
73,8,5749,636
73,11,6870,819
73,12,53533,2936
73,15,8410,768
73,19,6870,819
73,20,6870,819
73,22,6022,491
73,23,6870,819
73,24,6870,819
73,26,7452,758
73,28,8999,942
73,32,6870,819
73,33,6870,819
73,35,6870,819
73,36,6870,819
73,37,6870,819
73,38,8381,890
73,39,5908,538
73,40,4943,636
73,41,2800147,121425
73,42,8102,887
73,43,6461,684
73,45,60467,2936
73,46,3904,391
73,49,8381,890
73,52,6870,819
73,53,14701,1378
73,60,7571,881
73,62,8410,768
73,64,5169,592
73,65,6461,684
73,66,6461,684
73,67,65785,3913
73,68,53211,2909
73,69,8102,887
73,70,14701,1378
73,72,8381,890
73,74,399,57
73,76,7452,758
73,77,60467,2936
73,78,6461,684
73,79,5169,592
73,80,8381,890
73,86,0,0
73,88,7050,651
73,89,6022,491
73,90,6905,666
73,91,6461,684
73,92,4100,415
73,93,8999,942
73,94,6870,819
73,95,14989,1414
73,96,6870,819
73,97,6870,819
73,98,6324,599
73,100,8102,887
73,101,8999,942
73,105,6667,719
73,106,4100,415
73,109,9734,1162
73,110,8381,890
73,111,8381,890
74,0,4120,568
74,1,74689,3811
74,2,74689,3811
74,3,2204027,87346
74,5,1319798,55442
74,7,2204027,87346
74,8,6144,694
74,11,7265,877
74,12,53928,2994
74,15,8805,826
74,19,7265,877
74,20,7265,877
74,22,6417,549
74,23,7265,877
74,24,7265,877
74,26,7848,816
74,28,9394,1000
74,32,7265,877
74,33,7265,877
74,35,7265,877
74,36,7265,877
74,37,7265,877
74,38,8776,948
74,39,6304,596
74,40,5339,694
74,41,2800542,121483
74,42,8497,945
74,43,6857,742
74,45,60862,2994
74,46,4299,448
74,49,8776,948
74,52,7265,877
74,53,15096,1436
74,60,7966,939
74,62,8805,826
74,64,5564,650
74,65,6857,742
74,66,6857,742
74,67,66180,3971
74,68,53607,2967
74,69,8497,945
74,70,15096,1436
74,72,8776,948
74,73,395,58
74,76,7848,816
74,77,60862,2994
74,78,6857,742
74,79,5564,650
74,80,8776,948
74,86,395,58
74,88,7445,709
74,89,6417,549
74,90,7300,724
74,91,6857,742
74,92,4495,473
74,93,9394,1000
74,94,7265,877
74,95,15384,1472
74,96,7265,877
74,97,7265,877
74,98,6719,657
74,100,8497,945
74,101,9394,1000
74,105,7062,776
74,106,4495,473
74,109,10129,1220
74,110,8776,948
74,111,8776,948
76,0,4613,448
76,1,87135,3618
76,2,87135,3618
76,3,2200046,86909
76,5,1320292,55323
76,7,2200046,86909
76,8,6340,716
76,11,7758,757
76,12,54255,2819
76,15,4824,389
76,19,7758,757
76,20,7758,757
76,22,7066,458
76,23,7758,757
76,24,7758,757
76,26,0,0
76,28,5157,681
76,32,7758,757
76,33,7758,757
76,35,7758,757
76,36,7758,757
76,37,7758,757
76,38,4539,629
76,39,2322,159
76,40,9821,864
76,41,2801036,121364
76,42,4515,508
76,43,5370,605
76,45,61189,2818
76,46,4948,357
76,49,4539,629
76,52,7758,757
76,53,11115,999
76,60,8460,819
76,62,4824,389
76,64,2566,258
76,65,5370,605
76,66,5370,605
76,67,66507,3796
76,68,53934,2792
76,69,4515,508
76,70,11115,999
76,72,4539,629
76,73,7077,627
76,74,7350,660
76,77,61189,2818
76,78,5370,605
76,79,2566,258
76,80,4539,629
76,86,7077,627
76,88,1686,198
76,89,7066,458
76,90,7793,604
76,91,5370,605
76,92,9358,757
76,93,5157,681
76,94,7758,757
76,95,11402,1035
76,96,7758,757
76,97,7758,757
76,98,2040,202
76,100,4515,508
76,101,5157,681
76,105,4626,488
76,106,9358,757
76,109,10325,1242
76,110,4539,629
76,111,4539,629
77,0,58450,2745
77,1,137816,5574
77,2,137816,5574
77,3,2250727,88864
77,5,1374128,57547
77,7,2250727,88864
77,8,54779,2620
77,11,61595,3054
77,12,43080,2368
77,15,57577,2515
77,19,61595,3054
77,20,61595,3054
77,22,54700,2538
77,23,61595,3054
77,24,61595,3054
77,26,54549,2478
77,28,55825,2847
77,32,61595,3054
77,33,61595,3054
77,35,61595,3054
77,36,61595,3054
77,37,61595,3054
77,38,55207,2795
77,39,56644,2606
77,40,57056,2910
77,41,2854872,123588
77,42,58837,2954
77,43,53809,2509
77,45,0,0
77,46,56871,2661
77,49,55207,2795
77,52,61595,3054
77,53,61892,2987
77,60,62296,3116
77,62,57577,2515
77,64,56888,2705
77,65,53809,2509
77,66,53809,2509
77,67,30141,2813
77,68,11096,988
77,69,58837,2954
77,70,61892,2987
77,72,55207,2795
77,73,60758,2894
77,74,61032,2927
77,76,54549,2478
77,78,53809,2509
77,79,56888,2705
77,80,55207,2795
77,86,60758,2894
77,88,56236,2676
77,89,54700,2538
77,90,61630,2901
77,91,53809,2509
77,92,56138,2726
77,93,55825,2847
77,94,61595,3054
77,95,62180,3023
77,96,61595,3054
77,97,61595,3054
77,98,56590,2681
77,100,58837,2954
77,101,55825,2847
77,105,58948,2935
77,106,56138,2726
77,109,61351,2962
77,110,55207,2795
77,111,55207,2795
78,0,6634,568
78,1,77203,3739
78,2,77203,3739
78,3,2206542,87345
78,5,1322313,55370
78,7,2206542,87345
78,8,1004,141
78,11,9779,877
78,12,46526,2536
78,15,11320,825
78,19,9779,877
78,20,9779,877
78,22,2878,264
78,23,9779,877
78,24,9779,877
78,26,6528,667
78,28,4002,569
78,32,9779,877
78,33,9779,877
78,35,9779,877
78,36,9779,877
78,37,9779,877
78,38,3385,517
78,39,8818,596
78,40,3207,467
78,41,2803057,121411
78,42,11011,944
78,43,0,0
78,45,53460,2536
78,46,5049,387
78,49,3385,517
78,52,9779,877
78,53,17611,1436
78,60,10481,939
78,62,11320,825
78,64,8079,649
78,65,0,0
78,66,0,0
78,67,58778,3514
78,68,46204,2509
78,69,11011,944
78,70,17611,1436
78,72,3385,517
78,73,6543,722
78,74,6816,756
78,76,6528,667
78,77,53460,2536
78,79,8079,649
78,80,3385,517
78,86,6543,722
78,88,6882,715
78,89,2878,264
78,90,9814,724
78,91,0,0
78,92,2363,247
78,93,4002,569
78,94,9779,877
78,95,17898,1472
78,96,9779,877
78,97,9779,877
78,98,4488,461
78,100,11011,944
78,101,4002,569
78,105,9576,776
78,106,2363,247
78,109,4989,666
78,110,3385,517
78,111,3385,517
79,0,2639,381
79,1,73208,3624
79,2,73208,3624
79,3,2199013,86892
79,5,1318317,55255
79,7,2199013,86892
79,8,8924,681
79,11,5784,690
79,12,50007,2699
79,15,3790,372
79,19,5784,690
79,20,5784,690
79,22,5091,391
79,23,5784,690
79,24,5784,690
79,26,6200,573
79,28,7747,757
79,32,5784,690
79,33,5784,690
79,35,5784,690
79,36,5784,690
79,37,5784,690
79,38,7129,705
79,39,1289,143
79,40,7846,797
79,41,2799061,121296
79,42,3482,491
79,43,7954,570
79,45,56348,2694
79,46,2973,290
79,49,7129,705
79,52,5784,690
79,53,10082,983
79,60,6485,752
79,62,3790,372
79,64,0,0
79,65,7954,570
79,66,7954,570
79,67,62259,3677
79,68,46018,2678
79,69,3482,491
79,70,10082,983
79,72,7129,705
79,73,5103,559
79,74,5376,593
79,76,6200,573
79,77,56348,2694
79,78,7954,570
79,80,7129,705
79,86,5103,559
79,88,5797,466
79,89,5091,391
79,90,5819,537
79,91,7954,570
79,92,7383,690
79,93,7747,757
79,94,5784,690
79,95,10369,1019
79,96,5784,690
79,97,5784,690
79,98,5071,414
79,100,3482,491
79,101,7747,757
79,105,3593,472
79,106,7383,690
79,109,17090,1104
79,110,7129,705
79,111,7129,705
80,0,5336,608
80,1,77878,3813
80,2,77878,3813
80,3,2205122,87344
80,5,1322988,55444
80,7,2205122,87344
80,8,3714,446
80,11,8481,917
80,12,47066,2575
80,15,9900,824
80,19,8481,917
80,20,8481,917
80,22,3553,338
80,23,8481,917
80,24,8481,917
80,26,5113,522
80,28,1559,205
80,32,8481,917
80,33,8481,917
80,35,8481,917
80,36,8481,917
80,37,8481,917
80,38,0,0
80,39,7398,594
80,40,5909,710
80,41,2803732,121485
80,42,8823,941
80,43,2744,335
80,45,54000,2574
80,46,5724,461
80,49,0,0
80,52,8481,917
80,53,16191,1435
80,60,9183,980
80,62,9900,824
80,64,6659,648
80,65,2744,335
80,66,2744,335
80,67,59318,3552
80,68,46745,2548
80,69,8823,941
80,70,16191,1435
80,72,0,0
80,73,7800,787
80,74,8073,820
80,76,5113,522
80,77,54000,2574
80,78,2744,335
80,79,6659,648
80,86,7800,787
80,88,5467,570
80,89,3553,338
80,90,8516,764
80,91,2744,335
80,92,5073,552
80,93,1559,205
80,94,8481,917
80,95,16479,1470
80,96,8481,917
80,97,8481,917
80,98,3073,316
80,100,8823,941
80,101,1559,205
80,105,8157,774
80,106,5073,552
80,109,7699,972
80,110,0,0
80,111,0,0
86,0,3725,510
86,1,74293,3753
86,2,74293,3753
86,3,2203632,87288
86,5,1319403,55384
86,7,2203632,87288
86,8,5749,636
86,11,6870,819
86,12,53533,2936
86,15,8410,768
86,19,6870,819
86,20,6870,819
86,22,6022,491
86,23,6870,819
86,24,6870,819
86,26,7452,758
86,28,8999,942
86,32,6870,819
86,33,6870,819
86,35,6870,819
86,36,6870,819
86,37,6870,819
86,38,8381,890
86,39,5908,538
86,40,4943,636
86,41,2800147,121425
86,42,8102,887
86,43,6461,684
86,45,60467,2936
86,46,3904,391
86,49,8381,890
86,52,6870,819
86,53,14701,1378
86,60,7571,881
86,62,8410,768
86,64,5169,592
86,65,6461,684
86,66,6461,684
86,67,65785,3913
86,68,53211,2909
86,69,8102,887
86,70,14701,1378
86,72,8381,890
86,73,0,0
86,74,399,57
86,76,7452,758
86,77,60467,2936
86,78,6461,684
86,79,5169,592
86,80,8381,890
86,88,7050,651
86,89,6022,491
86,90,6905,666
86,91,6461,684
86,92,4100,415
86,93,8999,942
86,94,6870,819
86,95,14989,1414
86,96,6870,819
86,97,6870,819
86,98,6324,599
86,100,8102,887
86,101,8999,942
86,105,6667,719
86,106,4100,415
86,109,9734,1162
86,110,8381,890
86,111,8381,890
88,0,6300,649
88,1,88821,3818
88,2,88821,3818
88,3,2201732,87109
88,5,1321978,55523
88,7,2201732,87109
88,8,4653,517
88,11,9445,958
88,12,48006,2646
88,15,6510,589
88,19,9445,958
88,20,9445,958
88,22,4492,409
88,23,9445,958
88,24,9445,958
88,26,1686,201
88,28,3470,482
88,32,9445,958
88,33,9445,958
88,35,9445,958
88,36,9445,958
88,37,9445,958
88,38,2853,429
88,39,4008,360
88,40,6849,781
88,41,2802722,121564
88,42,6202,708
88,43,3684,406
88,45,54939,2645
88,46,6663,532
88,49,2853,429
88,52,9445,958
88,53,12801,1200
88,60,10146,1020
88,62,6510,589
88,64,4253,459
88,65,3684,406
88,66,3684,406
88,67,60258,3623
88,68,47684,2618
88,69,6202,708
88,70,12801,1200
88,72,2853,429
88,73,8763,828
88,74,9037,861
88,76,1686,201
88,77,54939,2645
88,78,3684,406
88,79,4253,459
88,80,2853,429
88,86,8763,828
88,89,4492,409
88,90,9480,805
88,91,3684,406
88,92,6013,623
88,93,3470,482
88,94,9445,958
88,95,13089,1236
88,96,9445,958
88,97,9445,958
88,98,2394,250
88,100,6202,708
88,101,3470,482
88,105,6313,689
88,106,6013,623
88,109,8639,1043
88,110,2853,429
88,111,2853,429
89,0,3753,385
89,1,74321,3629
89,2,74321,3629
89,3,2203660,87163
89,5,1319431,55259
89,7,2203660,87163
89,8,3847,404
89,11,6897,694
89,12,47334,2561
89,15,8438,643
89,19,6897,694
89,20,6897,694
89,22,0,0
89,23,6897,694
89,24,6897,694
89,26,7480,633
89,28,4811,594
89,32,6897,694
89,33,6897,694
89,35,6897,694
89,36,6897,694
89,37,6897,694
89,38,4193,542
89,39,5936,413
89,40,2755,406
89,41,2800175,121300
89,42,8129,762
89,43,2877,293
89,45,54268,2561
89,46,2171,123
89,49,4193,542
89,52,6897,694
89,53,14729,1254
89,60,7599,756
89,62,8438,643
89,64,5197,467
89,65,2877,293
89,66,2877,293
89,67,59586,3538
89,68,47013,2534
89,69,8129,762
89,70,14729,1254
89,72,4193,542
89,73,6061,534
89,74,6334,567
89,76,7480,633
89,77,54268,2561
89,78,2877,293
89,79,5197,467
89,80,4193,542
89,86,6061,534
89,88,7077,526
89,90,6932,541
89,91,2877,293
89,92,5206,510
89,93,4811,594
89,94,6897,694
89,95,15017,1289
89,96,6897,694
89,97,6897,694
89,98,6351,474
89,100,8129,762
89,101,4811,594
89,105,6695,594
89,106,5206,510
89,109,7832,929
89,110,4193,542
89,111,4193,542
90,0,3386,375
90,1,74518,3731
90,2,74518,3731
90,3,2204219,87257
90,5,1319628,55362
90,7,2204219,87257
90,8,10632,903
90,11,6530,684
90,12,54120,2905
90,15,8997,737
90,19,6530,684
90,20,6530,684
90,22,6785,499
90,23,6530,684
90,24,6530,684
90,26,8039,727
90,28,9586,911
90,32,6530,684
90,33,6530,684
90,35,6530,684
90,36,6530,684
90,37,6530,684
90,38,8968,859
90,39,6495,507
90,40,9540,905
90,41,2800372,121403
90,42,8689,856
90,43,9662,792
90,45,61054,2905
90,46,4666,398
90,49,8968,859
90,52,6530,684
90,53,15288,1347
90,60,7232,746
90,62,8997,737
90,64,5756,561
90,65,9662,792
90,66,9662,792
90,67,66372,3882
90,68,53798,2878
90,69,8689,856
90,70,15288,1347
90,72,8968,859
90,73,6796,668
90,74,7069,701
90,76,8039,727
90,77,61054,2905
90,78,9662,792
90,79,5756,561
90,80,8968,859
90,86,6796,668
90,88,7637,620
90,89,6785,499
90,91,9662,792
90,92,9077,798
90,93,9586,911
90,94,6530,684
90,95,15576,1383
90,96,6530,684
90,97,6530,684
90,98,6911,568
90,100,8689,856
90,101,9586,911
90,105,7254,687
90,106,9077,798
90,109,18929,1258
90,110,8968,859
90,111,8968,859
91,0,6634,568
91,1,77203,3739
91,2,77203,3739
91,3,2206542,87345
91,5,1322313,55370
91,7,2206542,87345
91,8,1004,141
91,11,9779,877
91,12,46526,2536
91,15,11320,825
91,19,9779,877
91,20,9779,877
91,22,2878,264
91,23,9779,877
91,24,9779,877
91,26,6528,667
91,28,4002,569
91,32,9779,877
91,33,9779,877
91,35,9779,877
91,36,9779,877
91,37,9779,877
91,38,3385,517
91,39,8818,596
91,40,3207,467
91,41,2803057,121411
91,42,11011,944
91,43,0,0
91,45,53460,2536
91,46,5049,387
91,49,3385,517
91,52,9779,877
91,53,17611,1436
91,60,10481,939
91,62,11320,825
91,64,8079,649
91,65,0,0
91,66,0,0
91,67,58778,3514
91,68,46204,2509
91,69,11011,944
91,70,17611,1436
91,72,3385,517
91,73,6543,722
91,74,6816,756
91,76,6528,667
91,77,53460,2536
91,78,0,0
91,79,8079,649
91,80,3385,517
91,86,6543,722
91,88,6882,715
91,89,2878,264
91,90,9814,724
91,92,2363,247
91,93,4002,569
91,94,9779,877
91,95,17898,1472
91,96,9779,877
91,97,9779,877
91,98,4488,461
91,100,11011,944
91,101,4002,569
91,105,9576,776
91,106,2363,247
91,109,4989,666
91,110,3385,517
91,111,3385,517
92,0,6052,694
92,1,76620,3937
92,2,76620,3937
92,3,2205959,87471
92,5,1321730,55568
92,7,2205959,87471
92,8,1658,228
92,11,9197,1003
92,12,48849,2768
92,15,10737,951
92,19,9197,1003
92,20,9197,1003
92,22,5201,496
92,23,9197,1003
92,24,9197,1003
92,26,8852,899
92,28,6325,801
92,32,9197,1003
92,33,9197,1003
92,35,9197,1003
92,36,9197,1003
92,37,9197,1003
92,38,5708,749
92,39,8235,722
92,40,844,220
92,41,2802474,121609
92,42,10429,1070
92,43,2371,276
92,45,55783,2768
92,46,6231,574
92,49,5708,749
92,52,9197,1003
92,53,17028,1562
92,60,9898,1065
92,62,10737,951
92,64,7496,775
92,65,2371,276
92,66,2371,276
92,67,61101,3745
92,68,48528,2741
92,69,10429,1070
92,70,17028,1562
92,72,5708,749
92,73,4190,484
92,74,4463,517
92,76,8852,899
92,77,55783,2768
92,78,2371,276
92,79,7496,775
92,80,5708,749
92,86,4190,484
92,88,9377,834
92,89,5201,496
92,90,9232,850
92,91,2371,276
92,93,6325,801
92,94,9197,1003
92,95,17316,1598
92,96,9197,1003
92,97,9197,1003
92,98,6811,693
92,100,10429,1070
92,101,6325,801
92,105,8994,902
92,106,0,0
92,109,5644,754
92,110,5708,749
92,111,5708,749
93,0,6748,778
93,1,79289,3983
93,2,79289,3983
93,3,2206534,87514
93,5,1324399,55614
93,7,2206534,87514
93,8,5125,615
93,11,9893,1087
93,12,48478,2744
93,15,11311,994
93,19,9893,1087
93,20,9893,1087
93,22,4964,507
93,23,9893,1087
93,24,9893,1087
93,26,6525,691
93,28,0,0
93,32,9893,1087
93,33,9893,1087
93,35,9893,1087
93,36,9893,1087
93,37,9893,1087
93,38,1399,163
93,39,8810,764
93,40,7321,880
93,41,2805143,121654
93,42,10234,1111
93,43,4156,505
93,45,55411,2744
93,46,7135,631
93,49,1399,163
93,52,9893,1087
93,53,17603,1604
93,60,10594,1149
93,62,11311,994
93,64,8070,818
93,65,4156,505
93,66,4156,505
93,67,60729,3721
93,68,48156,2717
93,69,10234,1111
93,70,17603,1604
93,72,1399,163
93,73,9212,957
93,74,9485,990
93,76,6525,691
93,77,55411,2744
93,78,4156,505
93,79,8070,818
93,80,1399,163
93,86,9212,957
93,88,6878,739
93,89,4964,507
93,90,9928,934
93,91,4156,505
93,92,6484,721
93,94,9893,1087
93,95,17890,1640
93,96,9893,1087
93,97,9893,1087
93,98,4484,486
93,100,10234,1111
93,101,0,0
93,105,9568,944
93,106,6484,721
93,109,9111,1141
93,110,1399,163
93,111,1399,163
94,0,2348,254
94,1,73661,3666
94,2,73661,3666
94,3,2203471,87240
94,5,1318771,55297
94,7,2203471,87240
94,8,9883,886
94,11,0,0
94,12,53372,2889
94,15,8249,720
94,19,0,0
94,20,0,0
94,22,6036,483
94,23,0,0
94,24,0,0
94,26,7291,711
94,28,8837,895
94,32,0,0
94,33,0,0
94,35,0,0
94,36,0,0
94,37,0,0
94,38,8220,842
94,39,5747,491
94,40,8791,889
94,41,2799515,121338
94,42,7940,839
94,43,8914,776
94,45,60305,2888
94,46,3918,382
94,49,8220,842
94,52,0,0
94,53,14540,1331
94,60,1728,217
94,62,8249,720
94,64,5008,544
94,65,8914,776
94,66,8914,776
94,67,65624,3866
94,68,53050,2862
94,69,7940,839
94,70,14540,1331
94,72,8220,842
94,73,6048,651
94,74,6321,685
94,76,7291,711
94,77,60305,2888
94,78,8914,776
94,79,5008,544
94,80,8220,842
94,86,6048,651
94,88,6888,603
94,89,6036,483
94,90,5754,515
94,91,8914,776
94,92,8328,782
94,93,8837,895
94,95,14828,1367
94,96,0,0
94,97,0,0
94,98,6162,552
94,100,7940,839
94,101,8837,895
94,105,6505,671
94,106,8328,782
94,109,6325,981
94,110,8220,842
94,111,8220,842
95,0,12550,1235
95,1,87005,3692
95,2,87005,3692
95,3,2199916,86983
95,5,1322516,55720
95,7,2199916,86983
95,8,24013,1493
95,11,15695,1544
95,12,54742,2928
95,15,6579,602
95,19,15695,1544
95,20,15695,1544
95,22,15002,1245
95,23,15695,1544
95,24,15695,1544
95,26,10379,903
95,28,15536,1584
95,32,15695,1544
95,33,15695,1544
95,35,15695,1544
95,36,15695,1544
95,37,15695,1544
95,38,14918,1532
95,39,9090,864
95,40,17757,1651
95,41,2803260,121761
95,42,10776,1147
95,43,17865,1424
95,45,61083,2923
95,46,12884,1144
95,49,14918,1532
95,52,15695,1544
95,53,769,90
95,60,16396,1606
95,62,6579,602
95,64,10503,1045
95,65,17865,1424
95,66,17865,1424
95,67,66994,3906
95,68,50754,2907
95,69,10776,1147
95,70,769,90
95,72,14918,1532
95,73,15014,1414
95,74,15287,1447
95,76,10379,903
95,77,61083,2923
95,78,17865,1424
95,79,10503,1045
95,80,14918,1532
95,86,15014,1414
95,88,12065,1101
95,89,15002,1245
95,90,15730,1391
95,91,17865,1424
95,92,17294,1544
95,93,15536,1584
95,94,15695,1544
95,96,15695,1544
95,97,15695,1544
95,98,12419,1105
95,100,10776,1147
95,101,15536,1584
95,105,10887,1128
95,106,17294,1544
95,109,25000,1588
95,110,14918,1532
95,111,14918,1532
96,0,2348,254
96,1,73661,3666
96,2,73661,3666
96,3,2203471,87240
96,5,1318771,55297
96,7,2203471,87240
96,8,9883,886
96,11,0,0
96,12,53372,2889
96,15,8249,720
96,19,0,0
96,20,0,0
96,22,6036,483
96,23,0,0
96,24,0,0
96,26,7291,711
96,28,8837,895
96,32,0,0
96,33,0,0
96,35,0,0
96,36,0,0
96,37,0,0
96,38,8220,842
96,39,5747,491
96,40,8791,889
96,41,2799515,121338
96,42,7940,839
96,43,8914,776
96,45,60305,2888
96,46,3918,382
96,49,8220,842
96,52,0,0
96,53,14540,1331
96,60,1728,217
96,62,8249,720
96,64,5008,544
96,65,8914,776
96,66,8914,776
96,67,65624,3866
96,68,53050,2862
96,69,7940,839
96,70,14540,1331
96,72,8220,842
96,73,6048,651
96,74,6321,685
96,76,7291,711
96,77,60305,2888
96,78,8914,776
96,79,5008,544
96,80,8220,842
96,86,6048,651
96,88,6888,603
96,89,6036,483
96,90,5754,515
96,91,8914,776
96,92,8328,782
96,93,8837,895
96,94,0,0
96,95,14828,1367
96,97,0,0
96,98,6162,552
96,100,7940,839
96,101,8837,895
96,105,6505,671
96,106,8328,782
96,109,6325,981
96,110,8220,842
96,111,8220,842
97,0,2348,254
97,1,73661,3666
97,2,73661,3666
97,3,2203471,87240
97,5,1318771,55297
97,7,2203471,87240
97,8,9883,886
97,11,0,0
97,12,53372,2889
97,15,8249,720
97,19,0,0
97,20,0,0
97,22,6036,483
97,23,0,0
97,24,0,0
97,26,7291,711
97,28,8837,895
97,32,0,0
97,33,0,0
97,35,0,0
97,36,0,0
97,37,0,0
97,38,8220,842
97,39,5747,491
97,40,8791,889
97,41,2799515,121338
97,42,7940,839
97,43,8914,776
97,45,60305,2888
97,46,3918,382
97,49,8220,842
97,52,0,0
97,53,14540,1331
97,60,1728,217
97,62,8249,720
97,64,5008,544
97,65,8914,776
97,66,8914,776
97,67,65624,3866
97,68,53050,2862
97,69,7940,839
97,70,14540,1331
97,72,8220,842
97,73,6048,651
97,74,6321,685
97,76,7291,711
97,77,60305,2888
97,78,8914,776
97,79,5008,544
97,80,8220,842
97,86,6048,651
97,88,6888,603
97,89,6036,483
97,90,5754,515
97,91,8914,776
97,92,8328,782
97,93,8837,895
97,94,0,0
97,95,14828,1367
97,96,0,0
97,98,6162,552
97,100,7940,839
97,101,8837,895
97,105,6505,671
97,106,8328,782
97,109,6325,981
97,110,8220,842
97,111,8220,842
98,0,3867,480
98,1,74436,3723
98,2,74436,3723
98,3,2202086,87114
98,5,1319545,55354
98,7,2202086,87114
98,8,5461,563
98,11,7012,789
98,12,48814,2692
98,15,6864,594
98,19,7012,789
98,20,7012,789
98,22,5300,455
98,23,7012,789
98,24,7012,789
98,26,2040,205
98,28,4278,528
98,32,7012,789
98,33,7012,789
98,35,7012,789
98,36,7012,789
98,37,7012,789
98,38,3661,475
98,39,4362,364
98,40,7657,827
98,41,2800289,121395
98,42,6556,713
98,43,4492,452
98,45,55747,2691
98,46,4201,389
98,49,3661,475
98,52,7012,789
98,53,13155,1205
98,60,7713,851
98,62,6864,594
98,64,4607,464
98,65,4492,452
98,66,4492,452
98,67,61066,3669
98,68,48492,2664
98,69,6556,713
98,70,13155,1205
98,72,3661,475
98,73,6331,658
98,74,6604,691
98,76,2040,205
98,77,55747,2691
98,78,4492,452
98,79,4607,464
98,80,3661,475
98,86,6331,658
98,88,2329,236
98,89,5300,455
98,90,7047,636
98,91,4492,452
98,92,6821,669
98,93,4278,528
98,94,7012,789
98,95,13443,1240
98,96,7012,789
98,97,7012,789
98,100,6556,713
98,101,4278,528
98,105,6687,646
98,106,6821,669
98,109,9447,1089
98,110,3661,475
98,111,3661,475
100,0,4810,718
100,1,86527,3781
100,2,86527,3781
100,3,2199438,87072
100,5,1320488,55592
100,7,2199438,87072
100,8,11932,997
100,11,7955,1027
100,12,52108,3023
100,15,4216,552
100,19,7955,1027
100,20,7955,1027
100,22,7262,728
100,23,7955,1027
100,24,7955,1027
100,26,8991,870
100,28,9917,1097
100,32,7955,1027
100,33,7955,1027
100,35,7955,1027
100,36,7955,1027
100,37,7955,1027
100,38,9300,1045
100,39,2222,390
100,40,10017,1134
100,41,2801232,121633
100,42,0,0
100,43,10963,886
100,45,58449,3018
100,46,5144,627
100,49,9300,1045
100,52,7955,1027
100,53,10507,1163
100,60,8656,1089
100,62,4216,552
100,64,3635,571
100,65,10963,886
100,66,10963,886
100,67,64360,4001
100,68,48120,3002
100,69,0,0
100,70,10507,1163
100,72,9300,1045
100,73,7274,897
100,74,7547,930
100,76,8991,870
100,77,58449,3018
100,78,10963,886
100,79,3635,571
100,80,9300,1045
100,86,7274,897
100,88,7968,806
100,89,7262,728
100,90,7990,874
100,91,10963,886
100,92,9554,1027
100,93,9917,1097
100,94,7955,1027
100,95,10795,1199
100,96,7955,1027
100,97,7955,1027
100,98,7242,754
100,101,9917,1097
100,105,1113,272
100,106,9554,1027
100,109,20098,1420
100,110,9300,1045
100,111,9300,1045
101,0,6748,778
101,1,79289,3983
101,2,79289,3983
101,3,2206534,87514
101,5,1324399,55614
101,7,2206534,87514
101,8,5125,615
101,11,9893,1087
101,12,48478,2744
101,15,11311,994
101,19,9893,1087
101,20,9893,1087
101,22,4964,507
101,23,9893,1087
101,24,9893,1087
101,26,6525,691
101,28,0,0
101,32,9893,1087
101,33,9893,1087
101,35,9893,1087
101,36,9893,1087
101,37,9893,1087
101,38,1399,163
101,39,8810,764
101,40,7321,880
101,41,2805143,121654
101,42,10234,1111
101,43,4156,505
101,45,55411,2744
101,46,7135,631
101,49,1399,163
101,52,9893,1087
101,53,17603,1604
101,60,10594,1149
101,62,11311,994
101,64,8070,818
101,65,4156,505
101,66,4156,505
101,67,60729,3721
101,68,48156,2717
101,69,10234,1111
101,70,17603,1604
101,72,1399,163
101,73,9212,957
101,74,9485,990
101,76,6525,691
101,77,55411,2744
101,78,4156,505
101,79,8070,818
101,80,1399,163
101,86,9212,957
101,88,6878,739
101,89,4964,507
101,90,9928,934
101,91,4156,505
101,92,6484,721
101,93,0,0
101,94,9893,1087
101,95,17890,1640
101,96,9893,1087
101,97,9893,1087
101,98,4484,486
101,100,10234,1111
101,105,9568,944
101,106,6484,721
101,109,9111,1141
101,110,1399,163
101,111,1399,163
105,0,5470,677
105,1,86315,3697
105,2,86315,3697
105,3,2199226,86988
105,5,1321148,55551
105,7,2199226,86988
105,8,11802,943
105,11,8615,986
105,12,51896,2939
105,15,4004,468
105,19,8615,986
105,20,8615,986
105,22,7922,687
105,23,8615,986
105,24,8615,986
105,26,8779,785
105,28,9788,1044
105,32,8615,986
105,33,8615,986
105,35,8615,986
105,36,8615,986
105,37,8615,986
105,38,9170,991
105,39,2010,306
105,40,10677,1093
105,41,2801892,121592
105,42,872,238
105,43,10833,833
105,45,58237,2934
105,46,5804,586
105,49,9170,991
105,52,8615,986
105,53,10295,1079
105,60,9316,1048
105,62,4004,468
105,64,3423,487
105,65,10833,833
105,66,10833,833
105,67,64148,3917
105,68,47908,2918
105,69,872,238
105,70,10295,1079
105,72,9170,991
105,73,7933,856
105,74,8207,889
105,76,8779,785
105,77,58237,2934
105,78,10833,833
105,79,3423,487
105,80,9170,991
105,86,7933,856
105,88,7838,752
105,89,7922,687
105,90,8650,833
105,91,10833,833
105,92,10214,986
105,93,9788,1044
105,94,8615,986
105,95,10583,1114
105,96,8615,986
105,97,8615,986
105,98,7112,701
105,100,872,238
105,101,9788,1044
105,106,10214,986
105,109,19968,1367
105,110,9170,991
105,111,9170,991
106,0,6052,694
106,1,76620,3937
106,2,76620,3937
106,3,2205959,87471
106,5,1321730,55568
106,7,2205959,87471
106,8,1658,228
106,11,9197,1003
106,12,48849,2768
106,15,10737,951
106,19,9197,1003
106,20,9197,1003
106,22,5201,496
106,23,9197,1003
106,24,9197,1003
106,26,8852,899
106,28,6325,801
106,32,9197,1003
106,33,9197,1003
106,35,9197,1003
106,36,9197,1003
106,37,9197,1003
106,38,5708,749
106,39,8235,722
106,40,844,220
106,41,2802474,121609
106,42,10429,1070
106,43,2371,276
106,45,55783,2768
106,46,6231,574
106,49,5708,749
106,52,9197,1003
106,53,17028,1562
106,60,9898,1065
106,62,10737,951
106,64,7496,775
106,65,2371,276
106,66,2371,276
106,67,61101,3745
106,68,48528,2741
106,69,10429,1070
106,70,17028,1562
106,72,5708,749
106,73,4190,484
106,74,4463,517
106,76,8852,899
106,77,55783,2768
106,78,2371,276
106,79,7496,775
106,80,5708,749
106,86,4190,484
106,88,9377,834
106,89,5201,496
106,90,9232,850
106,91,2371,276
106,92,0,0
106,93,6325,801
106,94,9197,1003
106,95,17316,1598
106,96,9197,1003
106,97,9197,1003
106,98,6811,693
106,100,10429,1070
106,101,6325,801
106,105,8994,902
106,109,5644,754
106,110,5708,749
106,111,5708,749
109,0,14866,1029
109,1,99686,4096
109,2,99686,4096
109,3,2212597,87387
109,5,1330544,55832
109,7,2212597,87387
109,8,3998,531
109,11,6256,896
109,12,54174,2889
109,15,19447,1038
109,19,6256,896
109,20,6256,896
109,22,7818,839
109,23,6256,896
109,24,6256,896
109,26,16419,1001
109,28,8943,1144
109,32,6256,896
109,33,6256,896
109,35,6256,896
109,36,6256,896
109,37,6256,896
109,38,8325,1092
109,39,17049,1057
109,40,6478,893
109,41,2811288,121872
109,42,19242,1406
109,43,4988,619
109,45,60515,2884
109,46,9989,962
109,49,8325,1092
109,52,6256,896
109,53,23762,1510
109,60,6957,979
109,62,19447,1038
109,64,16310,1111
109,65,4988,619
109,66,4988,619
109,67,66426,3867
109,68,50185,2868
109,69,19242,1406
109,70,23762,1510
109,72,8325,1092
109,73,9815,1148
109,74,10088,1182
109,76,16419,1001
109,77,60515,2884
109,78,4988,619
109,79,16310,1111
109,80,8325,1092
109,86,9815,1148
109,88,18190,1170
109,89,7818,839
109,90,18045,1185
109,91,4988,619
109,92,5635,673
109,93,8943,1144
109,94,6256,896
109,95,24050,1545
109,96,6256,896
109,97,6256,896
109,98,9428,1036
109,100,19242,1406
109,101,8943,1144
109,105,17808,1238
109,106,5635,673
109,110,8325,1092
109,111,8325,1092
110,0,5336,608
110,1,77878,3813
110,2,77878,3813
110,3,2205122,87344
110,5,1322988,55444
110,7,2205122,87344
110,8,3714,446
110,11,8481,917
110,12,47066,2575
110,15,9900,824
110,19,8481,917
110,20,8481,917
110,22,3553,338
110,23,8481,917
110,24,8481,917
110,26,5113,522
110,28,1559,205
110,32,8481,917
110,33,8481,917
110,35,8481,917
110,36,8481,917
110,37,8481,917
110,38,0,0
110,39,7398,594
110,40,5909,710
110,41,2803732,121485
110,42,8823,941
110,43,2744,335
110,45,54000,2574
110,46,5724,461
110,49,0,0
110,52,8481,917
110,53,16191,1435
110,60,9183,980
110,62,9900,824
110,64,6659,648
110,65,2744,335
110,66,2744,335
110,67,59318,3552
110,68,46745,2548
110,69,8823,941
110,70,16191,1435
110,72,0,0
110,73,7800,787
110,74,8073,820
110,76,5113,522
110,77,54000,2574
110,78,2744,335
110,79,6659,648
110,80,0,0
110,86,7800,787
110,88,5467,570
110,89,3553,338
110,90,8516,764
110,91,2744,335
110,92,5073,552
110,93,1559,205
110,94,8481,917
110,95,16479,1470
110,96,8481,917
110,97,8481,917
110,98,3073,316
110,100,8823,941
110,101,1559,205
110,105,8157,774
110,106,5073,552
110,109,7699,972
110,111,0,0
111,0,5336,608
111,1,77878,3813
111,2,77878,3813
111,3,2205122,87344
111,5,1322988,55444
111,7,2205122,87344
111,8,3714,446
111,11,8481,917
111,12,47066,2575
111,15,9900,824
111,19,8481,917
111,20,8481,917
111,22,3553,338
111,23,8481,917
111,24,8481,917
111,26,5113,522
111,28,1559,205
111,32,8481,917
111,33,8481,917
111,35,8481,917
111,36,8481,917
111,37,8481,917
111,38,0,0
111,39,7398,594
111,40,5909,710
111,41,2803732,121485
111,42,8823,941
111,43,2744,335
111,45,54000,2574
111,46,5724,461
111,49,0,0
111,52,8481,917
111,53,16191,1435
111,60,9183,980
111,62,9900,824
111,64,6659,648
111,65,2744,335
111,66,2744,335
111,67,59318,3552
111,68,46745,2548
111,69,8823,941
111,70,16191,1435
111,72,0,0
111,73,7800,787
111,74,8073,820
111,76,5113,522
111,77,54000,2574
111,78,2744,335
111,79,6659,648
111,80,0,0
111,86,7800,787
111,88,5467,570
111,89,3553,338
111,90,8516,764
111,91,2744,335
111,92,5073,552
111,93,1559,205
111,94,8481,917
111,95,16479,1470
111,96,8481,917
111,97,8481,917
111,98,3073,316
111,100,8823,941
111,101,1559,205
111,105,8157,774
111,106,5073,552
111,109,7699,972
111,110,0,0
